x,y,center_id
-342.15034895905245,2671.633788311395,IND000000AAL
2444.1196807450674,306.9142206491359,IND000000AAQ
-1718.9781632274703,-1899.3819829013182,IND000000AAZ
-2337.171910458794,1291.0104811652186,IND000000ABA
424.94327513778006,1393.5753256346916,IND000000ABD
-2042.442401159447,1788.4043456150355,IND000000ABG
182.74605638511656,130.23104984918248,IND000000ACA
-271.62557403608776,-107.99843784740742,IND000000ACB
-2190.8436605982497,178.14068416436717,IND000000ACK
-1315.5588790405695,-891.5813280281749,IND000000ACN
-705.493504014975,-1385.8458457250454,IND000000ACS
26.077280988644482,-185.8301909234334,IND000000ACT
-352.10912724505437,2013.8059420673098,IND000000ADM
-2128.8535368721623,-110.71307212982103,IND000000ADV
320.80940896269215,-2599.867410247832,IND000000AEL
588.0585979334885,-1595.4239221390949,IND000000AEM
-1747.184084738155,1997.7232849984161,IND000000AET
1256.5987703782853,1631.0950408998976,IND000000AFJ
-990.4978880937006,-2475.4567977940965,IND000000AFR
1864.6245004801715,-100.42605542544715,IND000000AFS
-499.8747587747482,804.8167142671538,IND000000AFT
-2246.2941810239295,1481.608409971477,IND110005AAA
-1614.613833113794,719.0101368967382,IND110014AAA
-1397.5724789740277,-48.06538540671311,IND110020AAB
-349.1708783305934,-1208.8116020713526,IND110024AAA
2185.105610217085,949.9033604167078,IND110030AAD
1801.4454968961477,1858.2447417176766,IND110035AAC
466.34985082488464,2664.914895410456,IND110037AAB
-2202.9570984443335,-1521.3916771600361,IND110037AAK
-390.7097990361112,135.25523534669304,IND110037AAM
-926.3547206324255,-1938.6237699195028,IND110039AAA
1533.6850488586497,-1824.213235522979,IND110043AAA
-1788.0780570244103,261.99808563331675,IND110043AAC
-532.3118692796388,72.77744883583541,IND110044AAB
-1898.9543768583314,1942.1594102611232,IND110046AAA
1801.100362769326,-1773.5066246969552,IND110052AAA
-2143.4397337382516,1460.89475359846,IND110064AAA
1827.0244485064673,1405.263771942586,IND110064AAB
1528.982063609278,-2209.511656979819,IND110077AAA
-276.26611681459866,-2592.7726267497683,IND110078AAA
2447.422779098017,420.81547058662204,IND110083AAA
-619.1362729058476,-2592.7105473578363,IND110085AAA
-436.48582024405925,-1236.4204375155866,IND110085AAB
1459.5593664046485,713.1764671726302,IND110087AAA
1453.4622021683874,-188.60023275852714,IND110092AAC
-2259.0765655878004,1085.697722348764,IND110093AAA
1960.6337820011597,351.16252058571314,IND110095AAB
2124.323914559909,-326.5049836473794,IND121001AAA
40.077851338950374,-843.8455426031188,IND121002AAB
-2255.6628912668584,-1408.4168891682373,IND121004AAA
-1275.6521684502136,-382.1965711956513,IND121004AAB
-1910.980350372105,22.48823532346761,IND121004AAC
2294.607599717033,-1189.4353357220862,IND121102AAA
-112.21008190850266,-115.33965504990068,IND122001AAA
-543.3857675868416,-2289.9754834886658,IND122001AAD
-813.6753145502507,-2312.790131226904,IND122002AAD
2026.4032560350447,1590.9169203559748,IND122004AAA
448.88352558646847,2612.444243898696,IND122015AAC
1469.9581286971381,-1880.6432199967094,IND122050AAA
2529.833307367785,360.73749456400367,IND122101AAC
1760.932552554253,2064.663190283215,IND122413AAE
-1220.37716455896,-1501.612013764555,IND123001AAA
-1634.7924538814082,-1185.0962172780694,IND123106AAB
763.711808431654,1377.385585368729,IND123401AAB
-2680.0506413267194,-342.65430285198465,IND124001AAB
-492.2197332426311,-2412.767951406252,IND124103AAA
-2431.097759010705,-851.2027764507501,IND124112AAA
2466.463318051795,-997.6642465511378,IND124141AAA
-362.72608644827375,2214.1757620598437,IND124507AAA
-533.4402979538222,343.4498807716767,IND125001AAA
303.29379059031174,-297.6562504965802,IND125005AAA
810.0409765788661,-1207.0680906025357,IND125047AAB
-701.7940290788833,-2559.0196799190735,IND125050AAA
732.1461203830287,-940.6086600549548,IND125051AAA
-1903.538124765042,-431.02000532035345,IND125104AAA
1583.4512434102758,-1041.4717193081865,IND125111AAA
-2509.2555723556247,-466.7698161742226,IND126102AAA
2334.786199929497,-722.3940428407814,IND127021AAA
1641.3252142869633,1283.8207699905809,IND127201AAA
-1771.3593938571812,1437.8825797897719,IND131021AAA
-1770.6472210196953,1437.2874081551327,IND131028AAA
91.3735458484818,-550.394920073364,IND131028AAB
-1643.404875622372,1579.7791828430056,IND131028AAE
-1670.4888241835242,-1524.5351868396738,IND131301AAA
-1870.7455407497973,-414.5317000994099,IND132001AAA
861.19235418175,-2378.324057011071,IND132039AAA
-146.69027773294468,-1931.124479838962,IND132103AAA
-141.00566746701662,-1932.2017386088535,IND132103AAB
1150.167529224151,-1456.4627715289273,IND133004AAA
2028.6841668377986,-1658.7712252970512,IND134102AAA
-643.8665547993648,-2495.5812779542707,IND134109AAA
2232.1393725299154,1502.6078352635843,IND134203AAA
-1633.4835446684428,1022.1731808588621,IND135001AAA
2174.3562752465377,-240.97220863531848,IND136118AAA
257.0908807526908,-2087.4784883656025,IND140001AAA
-1353.890763736863,1659.8031497395261,IND140118AAA
2091.4900893142058,829.7139388163323,IND140301AAA
-612.5222333533798,-684.9370901373549,IND140401AAA
1078.3267598495622,2159.6803951797506,IND140406AAA
2231.49399440499,1501.9995770000316,IND140501AAA
611.456236890071,-2623.5472204352795,IND140603AAA
-943.5403576269094,2076.447262746706,IND140901AAA
507.3914484991165,-2499.0126375760797,IND141003AAB
-2488.7774671090406,656.9283622811834,IND141010AAA
-2173.790137023063,-1634.8564515843661,IND141109AAA
471.3653483308438,1126.2135112644046,IND141115AAA
738.947635913045,-1596.540832192819,IND142001AAB
1209.653385106894,-2424.3325237061313,IND142026AAA
-1069.4048678617178,1517.424702479815,IND142401AAA
368.6531130332908,1430.4357216440574,IND143001AAA
1530.1833218539484,276.38260846863795,IND144001AAA
366.8118641954713,57.25051107665027,IND144001AAB
-1084.780246789497,-1437.9882341416799,IND144001AAC
1841.1296053292244,-364.70156948751566,IND144040AAA
2539.7895011404157,497.6139449585368,IND144401AAB
2459.3468628941237,-3.094149414664632,IND144514AAA
1485.3548497273919,-349.9618773918933,IND144601AAA
-1630.2034621993853,823.156124058734,IND145001AAA
-283.7222071162592,-2330.6834108890357,IND147001AAB
713.7170612606598,-2264.013901081902,IND147001AAD
2132.762757822586,1683.956378656297,IND147101AAA
2445.221068649648,-243.7841445508876,IND147105AAA
-1952.2545657920382,1772.4280772678035,IND147201AAA
-97.16561152320321,2671.7148967141943,IND147301AAA
2115.6749801113438,1112.881324975204,IND148028AAA
-1662.9052824890612,-473.7836671895392,IND148101AAA
2430.6269773867634,-1176.3593575852235,IND148102AAA
-298.7802824754124,-512.6889940178245,IND151001AAA
2517.209396068208,890.6394287555057,IND151103AAA
117.79547786782561,-2624.250245944899,IND151302AAA
369.38780841104466,2672.316414922677,IND151505AAA
-2404.369985551349,132.00305471532366,IND151506AAA
1752.8919230417964,847.578251411056,IND152026AAA
2137.6983572049407,1235.9791076726524,IND152101AAA
-617.9100536699345,-1625.3583795584832,IND152123AAA
222.2440728845254,-241.06258594890593,IND160002AAC
2062.760613916029,1752.6937415443122,IND160002AAD
432.0608648643578,-128.13547909118128,IND160003AAA
2025.6447410396563,1147.3023012585413,IND160055AAA
1250.7842415081989,1777.028276054955,IND160102AAC
2537.5597966907535,-601.6522669420464,IND160102AAD
23.709023901033387,-2309.979978233721,IND173025AAA
897.9565659428634,-2132.51502183412,IND174001AAA
-1153.0387951908924,242.6134412458606,IND174021AAA
-1648.5048370189922,521.4090698806413,IND174103AAA
-1333.389160974541,-2129.1635963267686,IND174307AAA
2310.656504416029,-1313.115748058457,IND175015AAA
-2193.835329568679,-122.88123700783434,IND175018AAA
856.3197264116848,-1895.0536839938331,IND175101AAA
106.32269375541783,-2538.5552671817563,IND176041AAA
-2670.6946264994613,73.72433226098403,IND176048AAA
-261.5486576807142,1792.9907937931332,IND176061AAA
964.9170784217526,2488.797758479447,IND176110AAB
9.867358199942863,-1609.3803140940734,IND176201AAA
1861.0796101491578,-1566.4839220341069,IND176310AAA
-156.72045870023135,-2658.624220154585,IND177033AAA
-1652.7337238898529,1825.864541012022,IND177203AAA
1678.2666897072959,1078.0455885008043,IND181152AAA
-597.0408729763111,-1915.6034703378411,IND181152AAB
-1840.8525378003242,-1966.3429817187873,IND181201AAB
1007.8210832549305,1021.4761267783375,IND184104AAA
1157.621629992958,-1855.972719079968,IND184121AAA
2490.573624359209,970.4038248275319,IND201001AAA
-273.60330578194237,406.568522315778,IND201001AAC
-742.3330904537308,-2139.2128111979223,IND201005AAA
-614.0035373585549,-190.3462972416982,IND201007AAA
-1777.539783934812,-931.6861089151756,IND201007AAB
-1450.3737386108294,-1671.4066321681998,IND201204AAA
2368.3924110885746,987.8169347450284,IND201301AAD
-864.0480843964879,-38.83987121372659,IND201301AAF
-935.2169818284947,-389.18983737542186,IND201301AAL
-2291.4463941990703,-374.0415131991552,IND201301AAM
-899.7542788077856,126.78897742920674,IND201304AAA
232.97858189020369,-2402.6725649396103,IND201306AAA
-1079.349793468946,366.6431856036639,IND201307AAA
-741.3066435104241,703.7763812667406,IND202001AAB
890.0934942291359,-2473.479541409463,IND202001AAC
-2640.9492074549985,531.6497199552214,IND203001AAA
-2663.7117656664723,129.55749415526012,IND203131AAA
2645.325985807584,492.8416846964061,IND203135AAA
-939.0302033383255,1526.1023103417192,IND204215AAA
-981.3217619286362,743.163146973223,IND205001AAB
2361.6458115838864,-425.1814033800298,IND205135AAA
1946.1707754576003,1833.7930205748264,IND206001AAA
-1256.1956113643814,-2321.435593808941,IND206122AAA
-1636.3601129717995,-2062.8999156807513,IND207123AAA
-2376.2181685387486,859.643799228509,IND207247AAB
-2415.535715755947,-678.4506350003885,IND208006AAA
1684.471789245769,-2101.537547330753,IND208012AAA
2174.2655052259365,-1118.5319160857982,IND208017AAA
-2149.7725915493193,1010.3756516790647,IND208019AAA
1034.5044435074035,2444.8468082556105,IND209101AAA
1141.803027982815,2461.438250177627,IND209111AAA
-1005.1629556704598,-2156.604687188658,IND209206AAB
-397.1347928833776,463.3818991028478,IND209304AAA
2645.168301547015,-556.0183416551552,IND209625AAA
-575.7853693842468,2117.35874320431,IND209801AAA
-569.3921956161126,2587.8363938096068,IND210001AAA
2582.0486049879537,-525.2820145459907,IND210301AAA
1500.9671022965285,1679.0111413364898,IND210427AAA
-1539.9581573487355,2087.688468248562,IND210501AAB
50.39363393891582,1031.1833289457888,IND211002AAB
-741.7759078095211,2595.9259476291513,IND211008AAA
-471.3565117470867,-2603.104583653347,IND211010AAB
2043.2317674823594,-1748.2445896224012,IND211011AAA
-586.9973428846968,2521.7071374812676,IND211013AAA
2639.0492658339795,594.9367456379471,IND212402AAA
1171.0328170336381,-708.3039189299877,IND221005A1A
-1714.4341249004235,-1274.2916341597763,IND221010AAA
1060.5985338414048,573.6961908025748,IND221010AAB
1827.6469357706242,1600.6086112961884,IND221303AAA
-1025.720782748176,-648.3208573714702,IND221313AAA
-2672.221191110669,351.4491136393664,IND221401AAA
-504.39951257789136,2453.2539625503705,IND222001AAA
-1078.7211984028738,-2472.974291848873,IND222125AAB
-1897.440579049026,1597.9823641241708,IND222136AAA
-102.54624133297852,-2406.760253355591,IND224001AAA
-2494.1416206778736,791.285947576252,IND224122AAA
-2493.538785941899,790.6567239404732,IND224141AAB
830.8653918663459,-2290.5460428911783,IND226004AAA
-1525.3247000551119,2185.6742426154115,IND226004AAC
-405.1470052370685,-1997.1354929595905,IND226016AAA
1415.7582265242077,2298.634926113716,IND226024AAA
2208.117537623392,1283.8440366794532,IND231001AAA
-383.54159563142235,-2658.248390408281,IND231205AAA
1954.0604417411748,490.73305887170073,IND231208AAA
-384.2878523637736,2433.011813104136,IND231216AAA
-2616.8750568438504,221.28535435603345,IND231217AAA
-2548.950015224636,-53.327973481428856,IND232101AAB
-2109.98175523027,-822.8382609869515,IND232104AAB
-2710.4761762720746,134.8513072432265,IND232327AAA
1488.9589533817514,196.56898780006796,IND233001AAA
2549.3451888199925,-892.3144333386243,IND233221AAC
-1156.9646072428861,2302.489263942349,IND241124AAB
-1007.2441014886373,2498.3808489170156,IND243001AAA
-1788.1767656420914,2013.0016326786274,IND243002AAA
-2037.9506671525103,1759.0318700778203,IND243201AAA
219.61919468256303,2676.4560245223406,IND243301AAB
-2558.859001702169,556.4542089064379,IND243503AAB
2685.166913485376,-27.22137377169573,IND244001AAA
814.5773860788563,1722.2287066849062,IND244301AAA
-83.47708148183665,1674.8108951085746,IND244412AAA
527.6443011461288,2653.5453930917934,IND244501AAA
-2382.508324298806,-1082.1907844450297,IND244713AAA
-89.05097056358821,1691.754286813932,IND244901AAB
348.9526772144726,1617.3445339229147,IND244901AAC
-1176.3066952923075,-1999.3234911430377,IND244921AAB
-427.3594908020796,-1472.3516107815271,IND245101AAA
240.32291990750824,-2606.7981324936823,IND245304AAA
1762.026027086068,1935.3444247130142,IND246001AAA
1700.1026181365153,410.37482860207473,IND246149AAA
-375.95402424064775,1570.7718613759112,IND246174AAA
1491.175181941263,-1588.6702616943287,IND246424AAA
2107.488315443684,1501.4346203580083,IND246444AAB
2469.626487487017,1069.358143058932,IND246701AAA
1226.2498874594226,-331.2916955890521,IND246725AAB
1922.490929059568,1777.4222189332327,IND246761AAA
-1222.7166077690329,-2134.7008766947906,IND247554AAA
796.5448108642252,1955.0302794940721,IND247776AAA
2245.320997432511,-1285.5019703995295,IND248001AAA
628.8390064300706,-1371.02269576864,IND248001AAD
2576.180684700719,884.5927106919281,IND248122AAB
2670.6624905062254,-486.1222117037076,IND248197AAA
4.710180269395267,-723.4822797748949,IND249201AAA
-2249.4740469153708,1402.3079698939894,IND249407AAA
951.2393953452003,2133.9672755096476,IND250002AAA
2449.317382010775,204.63829885891096,IND250002AAC
1067.365906935619,2024.2928909331958,IND250611AAA
2337.406628100689,-1348.1846176466233,IND251001AAA
-97.47983577440742,-2531.097574072754,IND251201AAA
1942.20899118161,1027.9463953990323,IND251309AAB
-1786.4231103617003,1015.5754028352735,IND261001AAA
975.6345901799267,-1450.6887000490487,IND261201AAB
-2275.2350549142457,1003.4595031641193,IND262122AAB
243.67591843572086,2107.1788972035665,IND262405AAA
-16.106436590886478,2002.1602960093303,IND262501AAA
732.4510348336125,113.92545038340137,IND262723AAB
2469.422646834911,-544.4663531213339,IND262802AAA
-1385.675497343502,-2234.5831271958355,IND263002AAA
1987.5253797492403,698.4225712186534,IND263139AAA
-75.66749504785005,-566.3801609750423,IND263153AAB
-1323.3563052863558,-2290.8173747720016,IND263401AAA
-794.6644188913483,458.9285156742722,IND263601AAA
-1247.411795104188,-221.46968990224946,IND263645AAA
2151.5006275977807,-551.3859438005528,IND271001AAA
486.74128118532883,2304.554318091391,IND271201AAA
-448.44092897875225,1039.8906091993615,IND271210AAA
827.6734886552966,2274.170211528388,IND272001AAA
-1461.5612850686553,2218.464206742323,IND272153AAC
-244.98399892320148,-1376.370669694511,IND272155AAA
348.05228183996985,2514.8170693224433,IND272175AAA
-282.79192294742234,-1597.6296737107982,IND272207AAB
-1915.600365542044,-1340.2234577303477,IND273014AAB
-2005.555907882924,-1811.6879204842646,IND273155AAA
-1843.2445829868852,-1901.765853687958,IND273304AAA
-2586.765980870959,355.0032697704734,IND274304AAB
-2066.268723349482,-1406.5994914118314,IND274402AAA
2307.1777771512693,101.05598668073458,IND275101AAA
848.9271438498678,-2062.1227741032653,IND275503AAA
-1073.3859821776095,-2494.1025017814877,IND276128AAA
-862.7131636066442,-1273.4453291727584,IND276140AAA
-1536.2429903740524,-2201.6422706693347,IND277201AAA
-2607.2736305218464,-452.15468125474763,IND277211AAA
-2023.7225514759991,-1306.4488301729593,IND277303AAC
-459.9524118959595,1500.9012783290755,IND281004AAA
-2360.648912824669,471.32759461553024,IND281401AAA
549.3741534338974,-2630.0069514739143,IND282001AAA
1618.6703067898727,1788.4382896202767,IND282001AAF
-894.2452822355439,745.950106832454,IND282002AAD
1703.0730772395148,1861.2359129412985,IND282005AAA
-1699.1750321323575,-1695.7908669539775,IND283122AAB
-814.2849803453753,89.68892357470203,IND283203AAA
573.0932879538447,-1089.3859042517165,IND284001AAA
-494.19849002646936,190.25681159401037,IND284403AAA
-2410.3082093395847,-1157.9139463092804,IND285001AAD
1075.784791654806,2449.316646130346,IND285205AAB
-1345.6396004504952,-25.95719733227934,IND301001AAB
-2388.4397994136875,-271.2363727385398,IND301019AAA
-221.6592488610181,-2492.793576017792,IND301705AAA
-1653.7230849183627,-718.9691156433836,IND302004AAA
-2581.9584263775396,-483.2774438521186,IND302006AAA
-2034.653969842786,-929.4451723539319,IND302006AAC
-846.4453774065784,300.524420968215,IND302014AAA
-1150.5586971607747,732.6735998130712,IND302014AAB
2148.4358249023317,31.839184598172956,IND302020AAA
-2596.2706727441955,35.267453668190726,IND302022AAD
153.4168260603665,1955.9855779304357,IND302023AAA
-401.3822566112753,-2458.573341235006,IND302033AAB
-1454.3860152419115,-1028.4134124534153,IND303106AAA
903.3232934157082,872.0806357936838,IND303301AAB
-469.5516841500529,2560.9494964939636,IND303303AAA
568.5716047179402,-1819.5592089365825,IND303338AAB
-2123.654880526099,-1681.4480449687692,IND303503AAA
-1454.58147271162,-1566.860541449332,IND303702AAB
-2012.3444698144503,-1152.4416859167143,IND303901AAA
-1420.9557391200565,2270.423599588362,IND304001AAA
-2127.9995108444605,432.2348561056941,IND305001AAC
-474.54172145551365,2673.466523484634,IND305601AAC
-2461.6800064063714,280.6635842733356,IND305802AAA
2378.5218733464576,1281.5258901669895,IND306001AAA
1286.4504198327877,0.5906310086248651,IND306401AAB
-2429.831001677953,587.9728901384697,IND306902AAA
2682.064999773131,94.22248436122128,IND307001AAA
89.77531233638655,-1973.8378252786863,IND311001AAA
1470.2835627844995,-1487.9859826007219,IND312001AAA
-1177.3692036340228,-1228.9189517519442,IND312403AAA
-121.61365749794238,-2221.058893926511,IND312605AAB
-678.6411001488722,-324.83631501828893,IND313001AAB
-1631.9191399787683,-138.79630820824283,IND321001AAA
-2463.6837486700565,19.04056309359763,IND321001AAB
-680.0338312413074,-2395.744404966504,IND321022AAA
-1104.4774102425904,-1915.2707072897094,IND321401AAB
-1589.7420158143634,2158.730425553241,IND322001AAC
-1063.2103327837738,1931.0415813334273,IND322201AAA
-1601.4412360422496,1231.8296631955093,IND322241AAA
2155.864562473662,713.4628485687505,IND327001AAB
-506.28759215922696,-306.37716625493965,IND328001AAA
-138.14520744306714,2721.4211326916616,IND331001A1C
1014.6709568585616,2526.494490934961,IND331022A1B
-1802.9449480345502,1848.56977462036,IND331023AAA
2145.6629610609875,-1572.8636494437449,IND331304AAA
-2027.546415894335,1080.7194600505698,IND331701AAA
-658.1192840451713,1701.5900974674687,IND332001AAB
-1873.1921553476093,1467.5517387685045,IND332404AAA
-1773.5440140825651,-1406.881010841043,IND332709AAA
-2135.3123395428415,1499.702703741224,IND332713AAA
1417.133046624897,629.2647663890033,IND332715AAB
-462.1698085434118,2065.8366354665254,IND333028AAA
-817.6201329270416,2134.8979480717685,IND333031AAA
269.7568961869577,-1277.031080561163,IND333042AAA
-102.08242948137298,-1744.597219130596,IND333502AAA
1791.918003541717,280.7717645172148,IND334001AAB
-1547.219030745211,2233.0372481086715,IND334001AAC
-1996.1045871743784,-128.7664507453209,IND335001AAA
2576.5584668964675,768.2093900814401,IND335051AAA
-52.03503074057944,841.8845694804061,IND335513AAA
1166.5162722709601,-1609.21306827349,IND335523AAB
-1529.426065366129,1457.518574837799,IND335524AAA
136.22095143951663,671.4442233693427,IND335701AAA
2269.3414104017324,1404.823464286603,IND335803AAA
-2011.6335375414267,-658.0829448111632,IND335804AAD
-2022.943840643726,1569.1332268317437,IND341001AAC
-1940.1181105023854,1523.2532423672656,IND341303AAA
516.4725278078674,2048.09647971158,IND341306AAA
-1253.3853648142458,2225.560093824495,IND341503AAB
-2461.1375376855453,403.058177932377,IND341505AAA
-2416.09901821007,364.4286240118363,IND341510AAB
1749.4569194140277,-2058.907412017939,IND341512AAA
-1241.3767827303918,1760.5282534553603,IND342005AAD
803.7322013184532,1047.5206174734228,IND342301AAA
1513.2462974917541,33.51468028327895,IND342902AAA
-1620.4543233018687,-1044.705831953713,IND343001AAA
-1212.225562177325,2125.155272285641,IND344001AAA
616.5991179136236,30.964205587899016,IND344022AAB
-335.43761339333133,2607.6483857558196,IND360002AAB
-2407.5574122713397,1183.5165328641508,IND360003AAA
-713.9865129334122,1002.0004725165002,IND360050AAA
-2434.1340570545212,1186.095254024818,IND360311AAA
2686.450107185775,276.16517888593904,IND360370AAA
930.1479843845492,2519.4807806569906,IND360490AAA
1435.1014833727397,-2109.9163472674268,IND360510AAB
647.9914025269596,1224.9278874883364,IND360530AAB
352.88961567148016,1660.1862096775856,IND360575AAA
1557.4332230653672,2099.3302854157378,IND361001AAA
20.237446063555428,-2558.1646319002793,IND361305AAC
2309.891049315482,1431.6784744711063,IND361315AAA
-245.12963923601944,2626.2574652078815,IND361335AAA
1392.9418670478815,-131.05287862499324,IND362001AAA
1508.1442602275717,-805.3682426015874,IND362220AAA
-2481.632135551059,-772.7259588090479,IND362265AAA
1219.0570933737376,-2187.9617171939344,IND362560AAA
-1002.8870979313106,-1622.7011620824294,IND362720AAA
-460.3600411294065,2627.9151679191714,IND363001AAA
-1297.9470347108095,-662.0785355937497,IND363310AAB
1986.461723239511,-803.7651820917533,IND363421AAB
-1670.0892213807858,664.3616877527855,IND363520AAC
-1935.7314134267804,-1786.4683731439036,IND363621AAB
-844.2216012328058,-979.7257853795331,IND363641AAA
2119.0161776091386,-787.2842229653403,IND364001AAA
-456.96815925996367,812.9486154374862,IND364004AAB
-2283.3244005564657,811.4556800624636,IND364290AAA
-1041.423185297381,2437.8238207210434,IND364710AAA
-2363.8676994320344,-108.08223077084297,IND365560AAA
-1494.21544648152,1996.9774088170668,IND365560AAB
-912.3221062769343,630.905296244519,IND370001AAA
-1916.6379685134516,1028.185029930467,IND370110AAA
-1660.9057398545683,1281.555826900921,IND370201AAA
-1912.586272702773,-1073.1452312770243,IND370615AAB
-2561.5504431193617,-321.6612365069682,IND380005AAA
4.051342678083122,-2646.2972558375327,IND380006AAA
2021.0125947329389,-573.1104388999203,IND380015AAB
-544.4780763134694,-834.4047374282776,IND380021AAA
-1090.3065692995558,86.81671533224569,IND380054AAA
-1734.691662416867,-1793.9982340612708,IND382345AAA
1446.7191623689553,2264.232256889454,IND382421AAA
-569.2887628264269,-174.0951093364241,IND382430AAB
1328.0113609683835,-1183.5393334488438,IND382721AAA
-2171.6092665238784,-1233.5901326791566,IND383001AAA
145.93756572601086,400.65315049663155,IND383255AAB
-2173.156396611283,-1232.5150431030993,IND383315AAC
-1529.6557256670956,111.54956004685083,IND384170AAA
-1414.9187604623266,-896.4489783356311,IND384205AAA
1828.0621186870453,-1875.0025188266677,IND384265AAB
563.4248137099544,-2124.634837735517,IND384355AAB
-2228.7924980208522,-1148.2068795691496,IND385001AAA
1405.7645329058207,2029.3209989689435,IND385320AAA
1651.52782212446,-410.57416078909375,IND385340AAB
1113.8513488137414,-2147.0854949054174,IND385535AAA
-1109.9614160687313,2463.6431690641066,IND387001AAA
-2254.0599680178443,-1305.6070164214316,IND388121AAA
-1309.1989513438625,-2370.828423197991,IND388220AAA
-1179.793623660872,183.27878927416864,IND388320AAA
-1098.7789157785826,2101.2873923551692,IND388620AAB
1951.5857657540375,-1259.7711100794884,IND389151AAA
-1664.9558942857657,-943.8927719519351,IND389230AAB
754.2240025073284,-1516.6413885820607,IND390018AAB
579.0559845976095,-615.7369784392438,IND390020AAA
-27.839739872036407,-335.7960307518257,IND390022AAA
-587.4074857189373,2174.102666386166,IND391110AAD
1310.212858100488,-2286.851767665655,IND394221AAA
2607.064775290426,226.829246945212,IND395001AAA
2510.6002594195957,1041.9721977373406,IND395004AAB
280.68042962774626,-2686.1281073905548,IND395006AAA
-1856.3584925453663,510.3276752931405,IND395009AAA
741.5106701611099,-1767.804798349404,IND395010AAB
-310.3609201382945,-56.37740458001727,IND395023AAA
2182.566247079323,364.7306071928796,IND395023AAD
-1861.8731762844302,-1728.6235111214248,IND396001AAA
-2540.125419878821,916.3602626281526,IND396191AAC
-2559.919947763137,897.9072987106102,IND396210AAA
-2515.8451859600755,930.2998614449646,IND396232AAA
1144.5931041668186,1625.5738202236516,IND396321AAA
-882.2914512991114,-2546.36181614377,IND396580AAB
-1034.271652733914,991.5015569667901,IND400011AAA
1373.1450721732856,871.7730665975962,IND400015AAA
-269.1062525162837,774.546267128222,IND400015AAB
-1175.54327039878,2427.262878698357,IND400016AAA
-1085.2961816279376,-301.73768035187095,IND400016AAB
363.9591095658828,-2685.04008400105,IND400037AAA
-1932.8847059301334,1271.2473655660406,IND400052AAA
-2247.818328946462,204.26894147729013,IND400064AAB
-2115.8027280042947,-356.31931115966404,IND400072AAA
-479.05777895562295,620.6044803677445,IND400072AAB
1731.6420090570484,-1476.1126880277293,IND400072AAC
-1116.9137438037853,-49.61085573880334,IND400072AAD
877.723416620799,2556.579803671673,IND400072AAI
931.929690716672,-2212.231280960841,IND400072AAJ
-2438.754380773307,-948.0136219114386,IND400078AAB
469.2829740177247,-2568.03056904702,IND400102AAB
-837.9531243951399,893.6021163143695,IND400102AAC
-1067.2059424904462,1663.5449691332694,IND400612AAA
-1239.6513938281946,-1303.954036819416,IND400701AAA
1050.7029414523697,-158.08544164605865,IND400701AAB
1363.2139118739435,-608.398206460624,IND400705AAA
-1520.6843892092393,1621.402034056039,IND400706AAA
1066.561533683277,236.84580008456174,IND401104AAA
-1370.5757060995284,651.8414853988758,IND401104AAB
-440.6157211061891,-2534.753924660242,IND401208AAA
2128.898967243752,-1654.964773685808,IND401209AAA
2433.102606315356,-145.50825836003148,IND401209AAB
-2105.8587853448944,782.1580166797205,IND401501AAA
2322.4952261694434,1342.7605646659947,IND401602AAA
1833.494985994082,1220.9871349808188,IND402107AAA
1170.8273280489966,1975.8842590750767,IND402109AAA
-1341.2098213080458,255.3852459750663,IND402301AAA
-952.9305172120881,2494.223712717258,IND403002AAA
1929.1096313348999,-1858.2316993515524,IND403401AAA
1262.8793787590562,2358.1131550833115,IND403507AAA
-2239.1111989205215,555.2149401155017,IND403601AAA
-169.54109609494884,-1480.7585422960294,IND403726AAA
1441.1648985935103,-942.4116076440052,IND403726AAB
1236.1832476855836,2007.9433515698154,IND410206AAA
2679.1030900440073,-97.89583813238607,IND410206AAB
1680.394336333542,2071.193754660828,IND410209AAA
-1204.1233462081223,2041.4428699713906,IND410210AAA
-2685.3147053138723,398.12590380207496,IND410401AAA
-1243.2435768440366,-2230.6618242582845,IND410501AAF
-2565.212288880706,729.4771946555608,IND410503AAA
-1028.8904787552106,1319.8739328660517,IND410505AAB
-1371.069442445314,-289.2421612756679,IND411014AAA
756.6303447819225,2313.6714117924644,IND411017AAA
-1158.0410044117593,990.7699747640763,IND411021AAA
-244.88928737658503,228.64938201742316,IND411033AAA
-607.4899448526082,-2647.1956021840965,IND411033AAB
1693.8668405796607,-2025.028058319513,IND411036AAA
2576.059641564163,138.41364912629462,IND411043AAA
2372.8709197916364,1226.725647387509,IND411048AAA
2505.376599422008,-1041.9776482602597,IND411057AAF
2153.881684594166,-669.6093353698664,IND412105AAC
-292.6146286376812,636.0807367136467,IND412210AAC
578.4029749699223,1824.1135020376469,IND413002AAA
1923.7139942642873,264.48115966236895,IND413304AAA
484.0031616464182,1956.816639660914,IND413307AAB
-1226.8123620717604,-2405.332002501861,IND413307AAC
-1274.675740971187,-1741.138204838454,IND413401AAA
-1326.972564659196,-1897.14017354341,IND413517AAA
-1623.7029248081053,-2157.4617174912914,IND413709AAA
2654.1116146618524,-414.38178340728655,IND414001AAA
-409.2149388383398,1829.506075783413,IND414502AAA
-1134.5484477986008,2412.770138960766,IND415003AAA
1372.9341587739875,-2237.8473415551807,IND415124AAA
-166.5927158969883,2665.4287881139057,IND415301AAB
2558.1410901461327,-471.8756106481093,IND415408AAC
736.4446586984509,-1861.5814131129102,IND415409AAB
1933.414013202642,-1573.1703479664902,IND415605AAA
2629.392637753415,395.92961897737456,IND415612AAA
1110.6236015025638,-1423.63727640453,IND415709AAA
1182.9756335236314,-1033.0940539946132,IND416012AAA
-1252.6034381491152,-2007.9261735871432,IND416122AAA
1118.1857980928908,-1033.0201056142932,IND416404AAA
-1210.420890473479,1809.9076077388172,IND416510AAA
1644.4828208638214,2147.671692698053,IND416602AAC
2382.1383009009105,-1118.7540674114064,IND416606AAA
-627.2670427543308,1978.8321631942556,IND421004AAA
1041.2409030005504,-2458.1644501297524,IND421301AAA
1726.8276359933595,-1878.6078016571207,IND421302AAF
-285.4900632747941,247.10730083925432,IND421302AAG
1868.7168139351613,68.24654165741646,IND421302AAH
-1839.3067654150286,1751.289625807574,IND421302AAN
85.10376285328344,-987.6646046078232,IND421302AAR
1487.8000271304986,2236.407265352996,IND421302AAS
1949.6195047466679,1610.5360087759223,IND421401AAC
1325.7545053198314,284.0517079225084,IND421502AAA
-2617.7051935318086,-258.5695411188534,IND421601AAB
601.8076609346316,-1493.7762987017654,IND422011AAD
1819.7658524516303,-702.210583063826,IND422103AAC
-2413.796466618793,-1209.5047761960302,IND423105AAA
692.2329078746798,-2317.9934338923745,IND423106AAA
2521.3148187409224,-341.34243533971966,IND423109AAA
-261.09240656454745,1006.4962793848143,IND423301AAB
2270.4013942581923,-1411.572892373675,IND423601AAA
1551.647976281638,458.98395098292264,IND423701AAB
131.75649604253215,1444.3143978765604,IND424006AAA
1840.0743881940066,1340.935319930316,IND424101AAA
1556.1518969700185,2218.098042430807,IND424304AAC
1525.6907893191483,1886.6418018820145,IND425201AAA
1200.7154847193365,1602.1634555962223,IND425405AAA
631.6347927308224,2206.8122689150955,IND425406AAA
-1258.176651272095,2283.5213155023703,IND425412AAA
1576.1043728422237,-2020.064022067195,IND425508AAB
1912.1327144255893,-1744.870405697007,IND431001AAA
-775.4086031496672,1903.8332286075452,IND431103AAA
-1608.2646439933385,1970.7979643152094,IND431107AAB
2460.896742029407,562.0889850793056,IND431112AAB
-2560.296463070611,-719.9403058254667,IND431122AAA
-176.61571262664663,1108.8795313795756,IND431136AAC
932.0711229909142,-1743.911221154899,IND431203AAA
1661.1704338173233,-164.61193833431486,IND431515AAA
1655.1648196884316,-2140.532965308719,IND431517AAB
1457.7677719791225,-465.03512434450084,IND431603AAA
2461.853547962537,-806.0047054654186,IND431708AAA
259.24845197504663,2703.9798141668443,IND440014AAA
-1747.250512438652,2087.708781868509,IND441107AAB
812.0082637520226,-2567.3016152461582,IND441206AAB
-1441.4917081963329,1280.5103425826985,IND441603AAA
-2711.1232281061402,-103.6804242217173,IND441614AAA
-2010.9004884288936,1719.3125562685907,IND441904AAB
-2314.6350073678914,1427.6685611914186,IND441912AAA
1916.4034462322027,1426.812989899323,IND442001AAA
1338.9867924113507,-1970.1307803027987,IND442101AAB
824.1270408511015,-2584.511094087133,IND442605AAA
-2199.7913681205296,-438.5572515434299,IND443301AAA
-476.52664011815807,1145.7229705634043,IND444005AAB
810.8177669028063,53.70618728304098,IND444203AAA
-669.0259453755122,2249.9477815335827,IND444602AAA
616.5214142244361,-938.0688466038297,IND445001AAB
-1674.7142956340522,2044.0980809176463,IND445101AAA
1575.9592138016253,-2019.4539293248888,IND450331AAA
-2369.3943813803453,715.9434057608797,IND451666AAA
1567.7893685804702,-1956.2284551811736,IND452001AAC
1924.935581720268,-1352.9937990338783,IND454001AAA
-281.65957199963475,2338.583114779595,IND457001AAA
-965.5635768715633,950.3028015650938,IND457661AAA
-183.00147673900182,-2274.205614103577,IND458001AAB
2598.366200712138,-795.1282432985901,IND458664AAA
2073.305335610535,-1737.2678299865836,IND458990AAA
-1137.4818184403082,-2437.6735600743636,IND460001AAA
1526.7458708540175,-1119.5694526524708,IND461111AAA
2619.1453938355016,47.81221572445194,IND462001AAA
2390.706047415145,-1206.8462872847545,IND462011AAA
2076.6538812040585,1401.285177051378,IND462021AAA
734.134226809525,349.1474720932293,IND462022AAA
1879.1373831040983,1028.5139353483078,IND462042AAA
-1485.9703158030077,-2247.920205162654,IND464001AAA
1966.3288372821764,-73.78194419840003,IND464668AAA
2287.0637002535045,-218.6446700726933,IND465001AAA
-1913.1972009755086,-1868.0509906056145,IND465333AAA
1927.6980709427276,-595.3901099254608,IND465669AAB
-2260.0676540762042,-241.28289284754723,IND465683AAA
-2647.896973751216,482.13814962352257,IND466001AAA
-1178.6671422650463,1955.767203724365,IND466116AAA
-1579.0759650214616,-1312.8832862189736,IND470004AAA
-1983.0242312591042,-1487.5680326858342,IND470113AAA
-356.8764565386005,-758.6502912853348,IND470117AAA
-78.27509445240148,-1215.2412404639645,IND470227AAB
827.4381796062246,2005.818882860932,IND471001AAA
1006.0276335040497,-1679.6342362509697,IND472001AAA
-85.7250307613794,-2688.943334630359,IND473001AAA
-1292.6780521576206,1130.7041594448954,IND473226AAA
-2525.848695265178,341.9363457398331,IND473331AAA
262.94569062410915,480.3905192766743,IND473443AAA
138.23567718906872,-2694.3240609147533,IND473551AAA
-544.2624474662955,-602.8438891836919,IND474003AAA
-2349.548384879261,-1297.8508065479884,IND476111AAA
-2275.477850608099,-1473.5436021711103,IND477001AAA
149.15219865036062,-2299.7028683835892,IND480001AAA
791.5299030318417,297.68160261764496,IND480106AAA
1421.4306133616458,-1789.675117253136,IND480661AAA
-1948.609492475007,-1899.8685095310632,IND481001AAA
1071.1423554294795,1497.0773790190588,IND481661AAA
-1759.7649952682102,1875.7103502959594,IND482002AAA
-2637.156219603728,272.195390469298,IND483501AAA
1110.547391418892,2270.712510443252,IND483770AAA
388.0049833539571,2179.9478739717656,IND484001AAA
-24.74052442307827,2350.5882430552115,IND484224AAA
-1519.5598276922544,1830.3439115664112,IND484446AAA
214.07628530670763,2462.461127906041,IND484661AAE
391.5248635697393,1153.9014187834098,IND485001AAC
116.07343718698604,2069.0127097548047,IND486661AAA
-1751.5019535079903,-1990.3171141359155,IND486771AAA
-889.0409990417445,-2410.7209631130386,IND487001AAB
2213.974571914547,-926.9579455148217,IND487551AAA
2524.1459207605994,-930.6057371434339,IND488001AAA
-2208.51933588979,1132.370209559183,IND490023AAA
861.952619851975,-265.34591551695627,IND491001AAA
288.3727342179001,1816.9754500134352,IND491995AAB
-594.9047605184868,2636.995925694804,IND492001AAB
2606.8475378155263,727.3751258633256,IND492007AAA
-1596.2087784497219,1158.3084848790006,IND493118AAC
-2014.6731964371359,-1563.0232268893694,IND493445AAB
-1825.6916497837801,-1182.0581520875996,IND494334AAB
2437.4618816820694,892.679674984217,IND495004AAA
1578.0840259265594,-284.68148520858574,IND495334AAB
-1056.6852136192715,-1120.25669723984,IND495671AAA
2248.701923183777,-1526.7304193929733,IND495677AAA
2720.0806014927452,3.529745772545538,IND496001AAA
83.31120085891445,935.4605849330507,IND500008AAC
173.4073765440108,2537.865047376823,IND500008AAD
2552.4511453816217,-801.3189819148629,IND500008AAF
-1401.56999730942,357.81750745845153,IND500010AAA
2200.833593493725,-1422.0496626823851,IND500010AAB
720.3646157417173,896.3753831542621,IND500018AAA
1310.0953869803996,-1741.6094540236552,IND500032AAA
1364.4787743555019,2325.047191437606,IND500035AAA
-1818.8758794711882,-1820.6263827243226,IND500039AAB
1788.5462527420782,-302.2596528331624,IND500039AAC
2548.887334938047,-84.61163390330226,IND500039AAD
-758.0406996888115,1679.7361127340494,IND500050AAA
-1433.665196238177,412.4322498010336,IND500055AAA
-1575.0819219110738,351.16614147146754,IND500055AAC
-1808.6792300172965,-106.04262540729682,IND500080AAB
2467.3304072905494,-1088.526489650347,IND500084AAB
1447.710046431076,-1282.1346046182748,IND501101AAB
1552.195779479615,-2166.99940574377,IND501141AAA
2614.2126064784597,-299.04002184097425,IND501218AAC
489.76818597194404,108.61316752171015,IND501359AAE
-2141.8057596677604,189.09299340909718,IND501359AAF
-900.8020195706396,2190.7341830439914,IND501359AAG
-837.6610712126763,-1499.433994013181,IND501401AAC
1296.293753622495,1351.3354583708688,IND502295AAA
-1816.312451210197,-1581.1423777649384,IND502313AAA
-1870.1673100811993,372.8610038070947,IND503111AAC
1109.6989162051968,-77.34636880769133,IND503185AAA
1722.1148755391612,1713.5594609212615,IND503187AAA
-215.13656267698167,2564.4764452784925,IND504201AAA
-1559.177239708236,-2099.9422989852183,IND504208AAB
-827.3277974289741,-2571.1438934943103,IND504215AAA
-340.759188703187,2483.4356978264027,IND504251AAA
-2108.955416715621,-1068.059758025149,IND504293AAA
-458.93413578084625,2239.1974553507957,IND505001AAA
-465.70454398613816,2005.1739192332468,IND505001AAB
-2311.9201823294597,-1283.3523629160159,IND505122AAA
1315.7104896740761,2266.2589239313797,IND505184AAC
-947.7829454366877,2253.2945384554587,IND505209AAA
574.1432998122705,2637.2699521695113,IND505302AAB
-407.3960071132318,-985.6823301576902,IND505326AAB
-798.2190735525124,1124.4556614923495,IND505327AAA
-1556.413185919359,-1721.9829130083112,IND505425AAA
-1123.35297736639,1399.349158872723,IND505467AAA
-1962.2289299821973,278.28579457367994,IND506001AAC
453.2812014390289,329.0685583297555,IND506002AAA
1583.0770946882053,-707.1480319170198,IND506132AAA
1915.395387816345,-1666.0356752928872,IND506143AAA
1392.691139152331,2172.6295393628284,IND506164AAA
2604.153423734929,643.8721129529482,IND506169AAB
526.2889614587892,589.5870009943401,IND506314AAA
1792.5968583991644,720.9117555100308,IND507002AAA
-2015.545988832791,1393.0603664563534,IND507111AAA
1666.6382748712135,1165.342936065766,IND507117AAB
-1910.004998326136,684.2925600646699,IND507123AAA
-168.20041431749752,1370.2674487036409,IND507159AAA
-2461.435324239111,1124.6905026302431,IND507303AAA
2210.1156066800168,-1490.409720135459,IND508001AAA
2628.711088613363,-627.2568581525954,IND508116AAA
2169.9938097616614,1346.1934469213327,IND508207AAB
970.9289774265369,1806.5133165968268,IND508223AAA
2600.4379662709566,-683.7141067625047,IND508248AAB
-1003.7716882778132,1196.8785878596404,IND508277AAB
1999.7927955883172,1414.2207536753995,IND508377AAB
2232.434375497693,-519.330603689285,IND509001AAA
1888.0009027751512,-1918.1870187330805,IND509103AAB
69.30517476345528,-2699.7043456602482,IND509124AAA
-1319.5568723565018,-1185.3564650084518,IND509301AAA
-619.4497863909195,1454.8982648898134,IND509358AAA
-204.44230428571714,-230.90456938265453,IND515004AAA
-1327.1360829466278,-850.6958545573176,IND515134AAA
-1393.1127315901304,-2322.8715375104257,IND515201AAA
998.4101468399828,1300.5423063122182,IND515301AAA
354.89470347189905,-664.2833814306808,IND515401AAB
-519.1982108181409,2359.5517146654956,IND515591AAA
-187.9361138019253,-707.631023279227,IND515671AAA
-2578.3754754830416,-604.4800378494278,IND515761AAA
-997.0571388673617,-988.0338623960102,IND515801AAA
307.4090005797869,223.69265405711144,IND515865AAB
1052.087080572747,2368.5289344287435,IND516101AAA
1857.1812183237298,1973.0043557720712,IND516115AAA
1513.5913366116863,-2269.5865913926136,IND517325AAA
-697.8323981115981,-2624.7715215310145,IND517408AAA
1130.8314220307943,2343.021939762464,IND517501AAB
-321.0536231830936,-472.7082337500591,IND518002AAA
-1410.7339498398367,1772.2162078701067,IND518102AAA
-564.2119090062765,-2537.070891830789,IND518124AAA
-315.34480566294417,-1984.0906373265454,IND518206AAA
-1502.9963195145053,-1410.627541038141,IND518222AAA
1578.1417117995231,676.2545059398436,IND518422AAB
-1923.9162343272428,824.3972140216906,IND520011AAA
1210.1863748016833,-2071.5639721673533,IND521001AAA
-90.01007675077128,-2621.4751326333703,IND521165AAA
-2080.562415975,906.1176462821815,IND521185AAA
-2298.70523813627,22.644978765347908,IND521201AAA
356.1033744719951,-1311.8760507438703,IND521225AAB
553.2720878313195,-2215.674180011531,IND521333AAA
2299.6261117368263,240.3501276260418,IND522647AAA
1825.192510203696,-6.629847569494065,IND523002AAA
-1634.2576746788677,-2.9830488244022035,IND523201AAA
2306.5123113118634,241.28789570426198,IND523226AAA
1806.1837220760426,1978.489672366683,IND523230AAA
-1409.8131068149214,-1447.8062337180138,IND523316AAB
991.7072536827177,-330.5899518271455,IND524003AAA
1269.925653521254,2400.3989410811396,IND524101AAB
-751.3105674370594,-2036.9776838298546,IND524132AAA
2150.800863581306,-1366.8775964793188,IND524201AAA
868.8329121834387,-866.9074839424687,IND530012AAA
1011.4315592059,-2483.2593628632258,IND530026AAA
1290.5622431452998,-924.0862944844407,IND531036AAA
550.8678482441189,-2451.902160306761,IND531162AAA
1556.879661267618,2169.708850982432,IND531163AAA
-1153.4971436123967,-1787.5425304411833,IND532001AAB
-2700.515052466454,213.48738272620432,IND532222AAA
578.996655921238,386.61055417779414,IND533003AAA
704.1341272303349,-454.5810015682048,IND533106AAA
996.3546850322228,-674.1468350210477,IND533201AAA
2151.596575939837,-1614.8697136398098,IND533242AAA
1016.4020110583438,-701.817101564633,IND533262AAA
-785.2942695192655,1551.2896235801134,IND533308AAB
862.3823202767647,2472.436441558257,IND534001AAA
-1491.3295330317576,-2012.1203219412012,IND535001AAA
1688.393335752227,505.1842128944811,IND535501AAB
-860.0689524898308,-1597.0276857143026,IND560002AAA
-2191.00546177736,1615.0317995062085,IND560027AAA
-794.1690997173177,-746.5558167154223,IND560043AAC
-737.8317481559357,-479.02314291355844,IND560048AAB
-1544.688258505983,-303.0017140069593,IND560058AAB
-2196.0330813129763,667.4912370731781,IND560058AAD
-1544.2161825340932,-303.3678495503477,IND560060AAB
2488.3478656274156,780.3906390597567,IND560064AAA
-4.763220613733113,-1819.2930483040234,IND560064AAD
-1365.3539141615058,1103.321645538035,IND560066AAB
2367.7361995289248,797.5160778256333,IND560067AAC
-45.481327340348564,1914.775626467238,IND560077AAA
-534.0344611799985,-1777.868892668714,IND560078AAC
185.75630901772936,2615.052520620052,IND560083AAB
-1624.749560677769,184.71163982535825,IND560085AAA
-2387.837309219952,1116.829137517877,IND560099AAA
-865.0689704701819,-588.0668375731568,IND560099AAB
1592.4823746426403,-1284.3248128190112,IND560099AAG
848.7794735759614,1889.4513032771335,IND560099AAH
-880.8636936581332,-733.976138699544,IND560300AAA
-187.4359763612658,-1685.6806134829721,IND560300AAB
2007.5469519140606,1703.6843932662996,IND561202AAB
-73.73059604327891,2642.023481944919,IND561203AAB
-124.24923226996212,1474.201890539326,IND561207AAB
-2082.2894164845075,1671.1411341580394,IND562101AAA
-2084.1391208892082,1670.5830952628587,IND562108AAA
2175.8334513923796,1023.4616599024445,IND562114AAA
-2545.4823540542634,-897.8553176338885,IND562117AAA
-1119.9693305791918,-1357.08859998257,IND562125AAA
-456.26712858251125,-94.04052719398122,IND562132AAA
360.8027213192949,-2008.6315325026014,IND562132AAC
-900.4431858648027,-1416.6897909460433,IND563101AAB
1453.0473420880337,132.54201103619243,IND563116AAA
2601.644322921817,-200.66276846012255,IND563125AAB
2244.8674918024044,1023.9740631607938,IND563131AAB
-1231.6912802376214,2379.2291002587244,IND570020AAA
-1939.7028717017006,1902.2442432267444,IND571111AAB
-945.2854495023787,2556.884269421582,IND571114AAA
1787.2676553450037,2041.6097684773843,IND571213AAA
1852.2024435294716,-1400.1549328578353,IND571401AAA
-2633.7455891983186,-615.5060367635803,IND571426AAA
-2151.920149321668,1610.806275985322,IND571430AAA
-1024.59316787329,2286.9585696201602,IND571432AAB
576.9848873082556,2558.2243298702515,IND571438AAB
-1852.5101218440332,1672.0053878537894,IND572101AAA
2581.985896776004,-390.1547505167007,IND572201AAB
332.1964395282052,2139.9751750932564,IND573103AAA
-2080.1979349201292,52.740291401107974,IND573142AAA
-829.9081621106432,-1169.4285014517468,IND573201AAB
-785.4890036840952,-2379.1056105570515,IND574104AAA
-1518.6255247450604,-1918.7726762987027,IND574117AAA
2691.781337186348,153.45892048289548,IND574202AAA
2073.4855749066874,-411.5305138565057,IND574211AAA
-792.7069587665774,-1955.1555258794585,IND574216AAA
-548.4024991496682,-2636.9853199646523,IND574221AAA
-128.11211598597598,-2130.1376502239314,IND574227AAA
1774.0120859991612,937.5485442060348,IND574239AAA
-688.281523966008,-1770.8732186416714,IND575004AAB
1864.7276549938483,-1102.683781287001,IND576101AAA
-1656.9563322089637,2075.720335218374,IND576201AAA
-2612.057657331405,373.86974530467876,IND577002AAA
2022.3330513167805,-1571.8187764267223,IND577101AAA
-1105.9960661651246,-2121.0525904309975,IND577116AAA
-865.1943700969049,-2480.2775469107546,IND577132AAD
732.5814590041098,-2583.7929924045807,IND577201AAA
111.18503069533634,2627.929162707803,IND577401AAA
2319.455841308149,693.0184283373488,IND577501AAA
-1444.9295534219827,996.3809634929836,IND577598AAC
315.81636716236756,-1128.6857818183832,IND580002AAA
83.20149208542195,-405.2250685402862,IND580028AAA
316.73554076474943,-2515.2529298918057,IND580030AAA
-1898.6328409384946,-496.60772650155934,IND581110AAE
2315.831822913165,1228.8012820465256,IND581115AAC
1208.0122735044458,-2268.194693764162,IND581119AAB
-582.0227339156885,-1219.7545762007248,IND581303AAA
-2089.3368696683187,-1550.8300560819728,IND581314AAA
1262.4556861090257,-2362.6650496939033,IND581320AAA
448.3517556277745,-2336.6829413165774,IND581325AAA
-2461.1885367617506,-1124.78072274471,IND581402AAA
2327.2252490078326,1139.0048560067462,IND582101AAB
2623.3111025365974,-92.4149663538838,IND582209AAA
-2710.1220806945776,-200.5005681926852,IND583101AAA
-147.53658589749764,2462.184450411852,IND583121AAA
-2704.3551983022485,-243.1335037744321,IND583201AAA
-2606.1440709821577,-781.4755312698522,IND583227AAA
1097.9066684759573,147.52101785333338,IND584101AAA
-410.98289041288564,-1113.032010405979,IND584123AAA
-177.6179440459818,2505.2967112662664,IND584128AAA
15.907489354357242,1191.0145492212864,IND585104AAA
2132.872036384909,-891.9369927617272,IND585211AAA
1957.8492154918256,-211.7030237335284,IND585222AAA
-1012.1312918273744,2372.6293885242026,IND585307AAB
-1900.7253207009373,1864.384239271841,IND585314AAA
-301.45007496540717,1159.6045783580755,IND585330AAE
802.230226049606,2539.2742587132866,IND585401AAA
740.4689484117586,-680.0794446468182,IND586101AAA
-2655.7902813767328,-40.04039684223665,IND586128AAA
-2175.5143146678433,1367.2407250120536,IND586211AAA
214.49998170183227,1427.1311546128711,IND587103AAB
-2141.7192126054133,-1602.3847072351027,IND590016AAA
453.77126145334194,-1742.1483918228985,IND591102AAA
-1637.698716459002,-1983.4229108325171,IND591123AAC
2421.446607135818,1209.6679429994244,IND591126AAA
-916.6953972058469,-1689.2949096305008,IND591201AAA
-648.1265439463915,1859.7755421620438,IND591237AAB
1003.1129738262971,-1951.516095333255,IND591302AAB
-1020.6120808724103,-2205.5718154746996,IND591304AAA
1507.65482457058,1344.0337310582424,IND591307AAC
-785.3681648240971,-2545.0780810425413,IND600004AAA
-1372.5968066489438,2126.803995747958,IND600008AAA
-674.3297982410993,1197.6101869082363,IND600008AAC
1170.66068690346,-1179.2898925762706,IND600013AAA
-992.5129238495521,-1799.8162372693093,IND600016AAA
998.6774166257138,2005.4565557129038,IND600016AAB
1167.4693914510644,538.3547088714794,IND600016AAC
-608.4226169852959,1238.2230092255963,IND600032AAB
1346.766776936753,-469.9424714683697,IND600044AAC
916.5564468940461,736.656567882018,IND600044AAD
591.4885004160261,1953.0039025401825,IND600044AAE
2329.5568562775525,857.2190333913405,IND600048AAA
-2249.9678879237954,-845.2514900884343,IND600056AAA
728.5668533289779,602.5918064576615,IND600056AAB
-1041.8201142254607,-783.020481317573,IND600056AAD
-1430.7503230129676,755.2539820422978,IND600073AAA
2293.4338578193415,-800.2395809175455,IND600076AAB
-2054.738329598512,-1648.2318660820413,IND600083AAA
2125.785586750783,471.4995349581159,IND600110AAA
740.3409749813416,791.9141498946576,IND600116AAB
1515.246953732848,1457.5135454718122,IND600119AAA
2452.766458138175,-615.1023363822528,IND602001AAA
1685.5289452000145,101.1787614470555,IND602001AAB
2203.2386471654136,845.0104458005592,IND602024AAA
1079.2796675083048,890.0386239886303,IND602105AAB
-2340.6990927636116,415.43361194140806,IND603001AAA
1850.0948446437365,1801.8015596210748,IND603102AAA
-2121.4797001526445,-976.6400926659721,IND603203AAA
-2227.302206716743,1269.414097057175,IND603301AAA
2048.068524119119,-1455.8265892878255,IND604303AAA
595.1833066472283,2445.688615675284,IND605010AAB
1284.981359385585,1177.5495619902865,IND605601AAA
890.7839430742623,563.201558430582,IND606801AAB
-1465.3232680930041,903.0093332199136,IND606803AAA
1187.84928651199,2398.696168675457,IND607801AAA
627.5659058947565,2479.7139199884296,IND608001AAA
-2401.9195570216248,-17.073813599260973,IND609001AAA
-2495.556615132653,-974.8127548034013,IND611001AAA
771.5011081362312,2376.925064100084,IND613104AAA
-2400.722989837504,-476.08271275948823,IND614018AAA
1816.5972808244312,-1037.2005146453398,IND614602AAA
712.9140598642555,1691.6547891513178,IND620012AAA
415.3276123648349,-2632.4572035821047,IND620020AAA
-818.8378166274767,2010.795663842062,IND621010AAA
416.1405724079353,-2666.8906783468983,IND621112AAA
1473.9744675196935,-2234.4822620453933,IND621211AAA
1818.6849930049168,-2003.636356461091,IND621212AAA
2394.273604455419,-1053.932773844192,IND621306AAA
-398.11980753053626,-2290.2800800052178,IND621802AAA
-756.5159501692518,2530.08770749896,IND622001AAA
2696.8339171087077,-331.4687170637932,IND623407AAA
-120.26796590522649,1841.9166645984878,IND623526AAA
2210.451431509378,27.598553760240037,IND623701AAA
-196.59274558242012,-1198.2738248839598,IND623704AAA
1195.0502986131892,-1961.094447500989,IND624001AAA
1355.6039882684524,-2144.3558154916177,IND624101AAA
1530.7334522429248,-2114.59330471728,IND624601AAA
1010.6111839055301,-1316.1419208831983,IND624703AAA
1013.5348496412224,-922.7704091188374,IND625008AAA
867.8662513635056,-137.23519617254652,IND625106AAA
1142.0401309470126,-8.567599341402603,IND625218AAA
1327.98579311801,1925.6237819504308,IND625516AAA
-1348.1151292816692,2039.4894381313188,IND625531AAA
781.8029765891096,-2050.4684540119424,IND625532AAA
-2452.949335897119,-1061.9456522276512,IND626117AAA
1314.9070789998275,401.17990812550113,IND627005AAA
2340.1096614818935,484.7413439621968,IND627401AAA
118.79906183341485,-2478.346424877033,IND627657AAA
-1214.6556034444557,-562.6834759868235,IND628613AAA
-2162.9249766786897,-1400.5052629443953,IND629001AAA
1021.9366321377248,1675.0950203013558,IND630002AAA
2438.5163341150565,1097.9245101592055,IND630561AAA
1694.620803559409,-555.7072460077369,IND631501AAA
509.6719161746144,711.0091750250168,IND632006AAA
-2420.513166718605,-346.05989088148374,IND632402AAA
2262.6578803472867,-1090.3990787639084,IND635001AAA
-4.994656684692218,720.0587850461416,IND635601AAB
-2263.2775723694194,-640.6550837373484,IND635802AAB
-1157.9709815040417,-2277.6861757543297,IND636005AAA
-2468.0476566533844,1013.6672556697046,IND636005AAC
-1399.4345876288942,-669.433064818216,IND636016AAA
-168.66032388182603,2283.1207600310977,IND636102AAA
-1844.797649952413,-253.7443105265988,IND636352AAA
1559.0842220844436,1592.3023849084004,IND636402AAA
-1733.0918416454047,1655.5299495140323,IND636705AAB
18.672786531321254,601.7411826884336,IND637001AAA
-1570.9860920271158,-2190.554646630016,IND637211AAA
2063.4269623329224,-1394.5370161520173,IND637301AAA
-375.15616017865534,1695.677576385756,IND637408AAA
1750.243060131954,-1970.9774626102017,IND638001AAA
1447.0405347921183,-2280.618715575647,IND638052AAA
1731.5046028550103,721.2963113851305,IND638401AAA
2003.1879650804187,-1801.6574453393148,IND638452AAA
-2370.9294203829977,-1327.3326655218932,IND638501AAB
-1390.588975182388,-1995.306974239526,IND639001AAA
1828.5156147673397,-2006.4779405321656,IND639104AAB
-1325.5571861369679,1504.5251061200893,IND641001AAA
-82.91859879885456,2112.8177634918998,IND641006AAD
-2645.1925333762238,-147.8116840316649,IND641008AAA
-1796.3429179441423,-2016.2101039106112,IND641011AAA
523.8301937416543,-751.8817621033277,IND641062AAD
649.9149431094769,-793.9309039916967,IND641607AAA
-622.6007539427169,2428.490622152463,IND641664AAA
-2633.308724231874,619.2666893985589,IND642126AAA
2688.902099356079,205.97012221617317,IND643001AAA
1959.6237689702712,-1831.2963154033096,IND643212AAA
199.55219204379492,-2368.4612769602118,IND643217AAA
1140.4233476015022,1127.2862238647506,IND670643AAA
-2223.9369207449895,845.5917465788732,IND670645AAB
-2130.982352000261,288.4203786218176,IND671315AAA
59.146619836095866,2652.3179823102046,IND671323AAD
352.1089908771527,-1638.0193493659106,IND673027AAB
-1551.685496863487,-1819.4096078816647,IND673104AAA
-1997.0444408545486,-1388.160009761832,IND673121AAA
2463.924741425689,693.9455126876284,IND673305AAA
438.1481530049486,-2060.1467581337038,IND673506AAA
1923.360701123162,1237.1802956451972,IND673573AAA
-1991.1157508346382,611.1117961492049,IND673592AAA
-451.21243452992957,-1645.5895108676305,IND673632AAA
-1298.5584519174765,991.6176685163526,IND673639AAA
-528.1845098436918,1433.8615737438,IND676306AAA
1934.7093072690425,835.0871349472077,IND676509AAA
-390.1403332067159,-1816.8036519178554,IND678583AAA
922.1357472127432,200.37702333961303,IND678683AAA
-2535.084120924254,-181.73212338162708,IND679303AAA
2348.3693729630077,-317.6732648188474,IND679322AAA
-2384.214774882203,996.8707329485335,IND679329AAA
-1876.3751426240976,-842.8206001333778,IND679576AAA
-2267.9979220209025,-997.492806523778,IND680012AAA
2084.7377503979137,146.29267848305128,IND68004AAA
-1561.8887795816165,1909.1289087398302,IND680104AAA
1425.1294695852293,1779.697398267835,IND680307AAA
-2574.2679281202013,-185.00421701760797,IND680587AAA
2392.5040386863634,1070.6016796851395,IND680712AAA
-650.8015933520055,176.2384754277388,IND683511AAA
-276.8337553150095,2689.8781657404406,IND683511AAB
-249.0240504932945,-521.6358508790411,IND683565AAA
-2078.4825578313976,618.358094240566,IND683572AAA
1723.3053760346982,-1614.3612144233464,IND685514AAA
857.2101924875147,1216.5996467087773,IND686028AAB
-1231.0937534593518,1392.0949833323325,IND686507AAA
-1222.3900364796882,1589.7742895299011,IND686513AAA
55.974395278145465,1644.2008136060012,IND686540AAA
2364.2534648134742,-637.6777434447126,IND688009AAA
2672.4382394136196,444.46980926411936,IND689101AAA
-2031.4197844781752,1270.181663560571,IND689650AAA
2312.0213515701,-906.0786184561617,IND690548AAA
408.7793929942602,1785.6074991491255,IND691001AAB
-505.70965521749577,2653.453571179746,IND691506AAA
-2052.1509817424544,-1719.4381997037458,IND691551AAA
683.0454503287781,1525.2440845817634,IND695012AAA
589.4983662410841,-2359.6643326388757,IND695012AAB
87.46671612207174,1355.5838527265792,IND695541AAA
-1824.7712332105393,1954.32169135187,IND695572AAB
2606.2605381193143,322.26011988212014,IND695582AAA
2716.19609957258,-125.81476471449746,IND695609AAA
2543.795192199836,637.349874138158,IND695614AAA
517.1662278293759,-1952.4804747616874,IND700026AAC
2348.0828475400053,11.022105910518496,IND700028AAB
215.65463516813148,-1622.017777684355,IND700053AAA
501.6964496596427,-344.87149775878186,IND700065AAA
1240.9095547748325,2291.9667128510373,IND700065AAB
-2579.6454640762126,789.4924703055334,IND700088AAA
-1407.7283499211153,1376.2637010487583,IND700136AAB
2528.393538510163,46.098002628044014,IND700136AAG
1317.5836552157837,-1930.517963143567,IND700144AAA
300.42532694690686,2350.1540144477676,IND711409AAA
269.8532491384131,-894.2611771523658,IND712103AAA
385.2458521537184,2406.083109343353,IND712124AAA
-243.32547176959602,-2071.976063506448,IND712310AAA
622.4084102505337,1605.206073720549,IND712310AAE
164.27436076192018,-87.4744255988694,IND712311AAA
-1701.3943143835743,-788.4797754873416,IND712406AAA
-221.22085977144823,1959.94478253593,IND712410AAC
139.96523146046704,810.9635693769914,IND712602AAA
-782.0074693185373,2427.418693628927,IND712612AAA
503.52442121092986,2383.7783331585297,IND713128AAB
624.2570316387242,-2557.7229415281004,IND713130AAA
1289.6743129061633,-1681.2129844472372,IND713148AAA
854.7220293453838,-1081.1215081026212,IND713205AAB
-1605.8441206056405,1712.6721370532716,IND713303AAA
-1383.817752587041,1920.2172132605635,IND713364AAB
-1784.8704016747276,701.7266029976188,IND721102AAA
1867.8533673328113,572.2244074641854,IND721134AAB
-655.0080992062223,-916.9166581548913,IND721139AAC
-2552.1411863007193,-642.7116663460255,IND721253AAC
841.8016141856652,2110.2216391292113,IND721306AAA
2067.414959870985,1667.720628790852,IND721507AAA
1466.4778656839355,1088.4694057206368,IND721602AAB
-835.8808081929258,2279.1961493243057,IND721636AAB
1282.5526434060582,-858.5465207646113,IND722101AAA
-2662.1885955037683,-449.96713591484826,IND722101AAB
163.51252792531963,2220.4456431508866,IND722101AAC
904.0429424904929,-1305.0506065942745,IND722122AAA
2299.443199398904,-1439.9651656766437,IND722140AAA
6.215134180883904,-2707.6349098088804,IND722143AAB
739.0662479744869,2617.4486349351687,IND722151AAA
-740.6971754849607,2350.312179564115,IND722154AAA
-884.8014958099045,2517.82414284499,IND723101AAA
1365.8806492378355,1783.8935606075358,IND723130AAA
-1358.4598599765745,2221.209205203326,IND723131AAA
1678.405862780967,-1780.3413206084142,IND723133AAA
2383.500500054497,-961.2412051150175,IND731204AAB
1686.9544434744435,-1153.087493901105,IND732103AAA
202.3792297226152,-794.7878503757738,IND732103AAB
-2314.4765226733025,-1121.8701582998167,IND732123AAC
-1044.780416205341,-154.48200552103236,IND732138AAA
-1373.0872928379565,491.17396325819436,IND732139AAA
-678.3228334376354,-1240.5580742337495,IND732202AAA
921.3746157259228,-2374.3707430521067,IND732204AAB
2067.3866368643544,498.92223018449005,IND733102AAA
1281.4376668162347,764.3519748241324,IND733124AAA
1653.9081823778185,-1692.1159817777143,IND733128AAA
-1123.949563868887,-1678.0194588282006,IND733129AAA
1024.549908568719,-2284.3003680945712,IND733129AAB
304.2986499096585,2634.9480942425075,IND733134AAA
2180.0613304883523,566.1608635954574,IND733140AAA
-2389.828216547267,1246.6630709822248,IND733201AAA
169.09214153229297,-2177.1635639526894,IND733202AAB
-1636.3142462990281,2157.5515125755637,IND733202AAC
496.5554852625569,2231.757110372269,IND733210AAA
2666.8708574269276,335.5748363129427,IND734203AAA
1007.550953017077,-524.634069151235,IND734214AAB
1032.9037390219216,737.4625695792333,IND735224AAA
1524.673509813718,946.5836715307071,IND736101AAA
2330.7869026667267,-84.72117072907301,IND736135AAA
1263.565006884507,1006.6917579599937,IND736146AAA
1253.7257908442982,976.7588306215927,IND736165AAA
-2062.595909646885,-235.57892752032123,IND741156AAA
-2063.4071707845337,-815.2134311894324,IND741165AAB
257.5218790030581,949.5706739468951,IND741201AAC
269.28596329031905,-2013.2568192390038,IND742101AAC
50.097133415985546,-1501.2394045437443,IND742102AAB
671.7982057077209,-2611.2381489126005,IND742121AAA
-1801.3091932508676,-1529.0781693580698,IND742137AAA
368.267161323585,-2364.922248304426,IND742147AAA
-1908.2617861316899,-1640.4789462567492,IND742148AAA
1246.2295966980262,-1465.7160776949593,IND742149AAA
347.70648559435716,-2280.0159245864284,IND742223AAA
1328.0398996099887,-1487.895519383079,IND742225AAA
-1045.7615131411799,-1007.9090433431353,IND742226AAA
-1706.8084601030841,-2068.1593399892863,IND742401AAA
-1481.5057599492254,-2100.6985258467935,IND743235AAA
-2290.746540619011,-1467.279060463157,IND743270AAA
2022.5392537693428,-291.05407090907204,IND743347AAA
181.4209597743757,-1811.2305557034113,IND743513AAA
690.7357874624985,-202.16758316702038,IND751002AAB
-2576.6926266519563,602.6484706104617,IND751014AAA
-1704.5528553431286,-638.857190452635,IND751015AAA
381.81934131957246,2588.9859990759696,IND751021AAA
-266.0310079177199,1458.6199534667405,IND752050AAA
1978.7780884117544,-1183.7906255622095,IND752055AAA
-1917.5882280576457,-738.0052279681439,IND752056AAA
-105.51280420447942,-1092.433095197097,IND754022AAA
2561.704669826505,812.7807796650236,IND754103AAA
1067.943975336678,-1625.4970357839104,IND754160AAA
1641.5945259442824,2026.2464516631057,IND754211AAA
280.2211158710065,-1423.3540285028753,IND756019AAA
680.3192969404371,-2421.2797130824656,IND756032AAA
-541.228009480733,-2150.0428455845567,IND756100AAC
344.7432257827745,810.3495018666499,IND757001AAA
-2328.258419476283,-801.0139148184932,IND757025AAA
-586.3214536595149,-2206.028820558472,IND757037AAA
-2103.5173350775503,-598.2293147655168,IND757041AAA
943.5379424301549,-2541.2603919284984,IND758001AAA
-2521.181657177376,-1015.5475213520126,IND758034AAA
2601.3378104809617,541.499589185892,IND760003AAB
1829.912751781995,-941.837347349786,IND761020AAA
1166.497840484057,-2453.237033537806,IND764001AAC
693.5739848756115,2589.8249994609055,IND764020AAC
692.6462087326357,2591.2856504196493,IND764059AAA
1134.1558679273726,-2450.0034941464273,IND764071AAB
1315.5267143349909,-2379.9778098583242,IND764073AAA
-312.34021366974997,-2531.408007197795,IND767001AAA
-2651.2940440594575,-553.189024497546,IND767017AAA
-2084.0680555449044,-501.831474637934,IND768004AAD
187.4268394324526,-2682.883134026265,IND768028AAA
-2550.0209891674663,97.78102424022052,IND768028AAB
-892.6123490815573,1716.9160670443093,IND768201AAA
1147.9360537485038,1803.1772178746762,IND768216AAA
1837.2063507182195,-776.4989408947984,IND770001AAA
1750.4677531548177,-734.1679832380253,IND770017AAB
-1080.8563148847923,1801.6963939751035,IND781001AAA
-183.74014597504248,2180.7229161055425,IND781003AAA
1630.4560877552099,1915.0122411883779,IND781005AAA
1716.2981359150665,-1315.301722671923,IND781014AAA
-1231.1420648659007,624.7323030220366,IND781018AAA
320.43255277315234,-436.0574152177021,IND781018AAB
1491.1892957273033,1251.5031640652098,IND781022AAA
-116.55019649952966,-2335.753528879925,IND781102AAA
150.38989953549984,-2108.418595899926,IND781124AAA
2039.4034029068926,-1104.4917702897746,IND781335AAA
-966.7701932937775,-2325.19727724501,IND783129AAA
1353.8672106513511,1216.4364505179576,IND783348AAA
-440.48168357218003,-2662.754577369579,IND784001AAA
-539.4500391206188,-1462.575256060385,IND784125AAA
1044.3530390293981,385.18663154715966,IND784176AAA
443.05151572105757,-885.8062355404011,IND785001AAA
2656.287528338237,-264.76439787616073,IND785112AAC
748.0626825955158,-2504.612846852715,IND785612AAB
-304.61292590382834,-2702.4109373569063,IND785621AAA
154.46516784404307,2694.0508658314716,IND785634AAA
-293.6967006902442,-2689.0234007211234,IND785675AAA
-2614.197834615207,-749.2725255240341,IND785682AAA
-1732.74627171178,-2100.5411546390724,IND785690AAB
664.9017440695937,-348.7960582170786,IND786001AAB
-920.2258877806674,1898.3466987300872,IND786125AAA
-1319.5981456582515,2320.139430447309,IND786171AAA
267.8257656011776,1783.2761726442677,IND786181AAC
739.0400269917423,2481.367541411319,IND786184AAA
2379.1670107176915,-1308.7044561543457,IND786190AAA
2543.729899054133,-735.5567884113156,IND786602AAA
154.94426394851266,-1099.8492453031452,IND787001AAA
-197.52502239612795,-2713.942770143059,IND787059AAB
-51.46965140582679,240.95771439508275,IND788026AAC
1945.706244000306,1889.960453966894,IND788121AAA
-894.0694739247947,-2224.929323985679,IND788151AAA
-892.5822100620577,-2140.3501242901066,IND788713AAA
-2344.870501950388,-578.2797518110309,IND788806AAA
-832.1398510796791,2557.0393379943957,IND790114AAA
86.82778772405518,-1303.668320223915,IND791102AAA
1103.2314065719677,-2330.386081430041,IND792001AAA
-575.2012879349414,1346.0084363287272,IND792103AAB
-275.18049417867627,-922.2016860736711,IND792110AAA
2130.7825344088856,1648.417305619726,IND792120AAB
698.2916231791949,1173.3552473283194,IND792121AAB
799.0045876258422,-1978.127576547827,IND792130AAB
-256.96374370934785,-2630.7379840618573,IND793001AAA
263.74175810710864,336.7764742527632,IND793150AAA
-656.9594798968849,2638.8004795457314,IND796009AAA
2181.3268494265794,1446.0486411815116,IND796081AAA
9.258424872099747,2721.9985016079027,IND796321AAB
-2305.8257205458353,1189.9056813527636,IND798601AAA
-2217.626829224747,1529.4572595445716,IND799008AAA
-863.1932608373492,2438.9057182246715,IND801103AAA
1570.4320459375401,-857.1441517147252,IND802101AAA
52.2787800802797,2290.3738268110096,IND802119AAA
52.96520279585935,2296.157318015557,IND802158AAB
488.7259949740284,-1302.0275245716211,IND802213AAB
-1445.9452650444853,-1161.4742038980085,IND802301AAA
2027.5374170869347,-958.1086285177421,IND803101AAA
1208.0321573258805,-460.6883353496632,IND803108AAB
493.3664267580881,2528.6220038342867,IND803116AAA
2707.4848419781338,-221.5952058046734,IND803212AAB
2191.33895792788,1588.4261832459808,IND803213AAA
-30.426530651402835,2556.5877810203533,IND804401AAA
-1430.2385196878847,-2281.186959948694,IND804420AAA
2336.366920897158,-514.5935874011594,IND804452AAA
2021.8406770310382,1819.7210361100556,IND811105AAA
-2327.435560446789,1342.959242600681,IND811201AAB
-1520.4552562349986,-540.9229356191458,IND811307AAA
141.9533339937678,2363.5812380781567,IND811399AAA
-2658.299853101596,-388.8392059786538,IND812002AAA
1749.2317432341304,1537.5000921998878,IND813102AAA
1041.784820410603,-2160.473512818833,IND813203AAA
-1580.7787816536966,-545.9975869908836,IND813213AAA
2175.2523947793193,-1230.7068698420737,IND814101AAB
-1307.595127101898,2375.1403226498205,IND814112AAA
-1376.8645755648758,2349.234620414248,IND814133AAA
911.5773637428506,2377.7384472909002,IND814133AAB
-660.757389220454,-2310.7975798477723,IND815301AAA
1246.481223800488,2168.605343063745,IND815351AAA
1630.235791044847,-1505.1068261619657,IND815353AAA
1251.9512598410772,2171.2239272215943,IND816107AAA
646.53734748974,1316.77642604783,IND816109AAA
2066.0732996599377,221.4553418090767,IND821109AAA
-895.9683619681405,-307.034141426443,IND821115AAB
-2438.5619655997375,-609.5659389896593,IND821307AAA
-1051.980527193808,-2372.884702049151,IND824101AAA
-382.07849545414666,-2167.304230963807,IND825301AAA
751.3796591666456,2206.9176745291225,IND826001AAC
685.097073650299,1441.4705174779617,IND826004AAA
277.9952762951622,-1753.2751092361293,IND827013AAA
-2191.6743386328144,511.0817704600516,IND828111AAA
1850.6129611159558,1694.3462874036384,IND828205AAA
-2025.9888690039675,-1764.8414618640234,IND828401AAB
-689.7197405785165,-1904.7294534028174,IND829121AAA
-1637.4521156729759,-1448.1385227875874,IND832109AAB
11.126074956554161,16.197265932580052,IND834002AAB
-704.297431299764,2525.051544510971,IND841101AAA
-956.1123233310625,582.3236355079171,IND841207AAB
-1908.3263290429957,924.7582839858825,IND841226AAB
2297.3758945710015,617.1044368768439,IND841424AAA
-854.8569956136313,1279.538036062813,IND841428AAA
-1551.1423137241386,5.852462444531852,IND842001AAA
541.4570749815509,922.0426313743084,IND842003AAB
202.68385417382274,1161.3185528241218,IND843109AAB
-2606.731601856621,679.825994320634,IND843126AAA
-1873.3565951371982,1110.639778082504,IND843320AAA
1490.7144261367862,1995.7884119310363,IND843329AAB
-173.2662441390453,629.8476734952225,IND844101AAB
-2138.720673723902,1279.2928030572828,IND844505AAB
-1902.555541661322,174.46427136091282,IND845305AAA
-1182.283442096197,-2383.194429271742,IND845401AAA
482.63615551267463,-2659.5740193102974,IND845418AAB
1596.657523392591,-1406.8988448660416,IND845438AAA
-2695.9612654275015,6.52408746923527,IND845455AAB
-2526.150223234308,-839.8579892459727,IND847103AAA
884.3507403071519,-2534.667600251666,IND847212AAA
1143.9650311596474,-2380.504665362848,IND847223AAA
-1861.5122442080547,1234.6322748224854,IND847404AAB
-965.1092220581471,-2524.7454471662936,IND848101AAA
-1411.252287974445,-1737.7109353680078,IND848114AAA
2479.3468535139054,-862.4692245113908,IND851112AAB
1507.1866106008647,2071.3826155058687,IND851127AAA
-29.261106376715347,2464.752868584081,IND851204AAA
-10.188776300920882,2695.3189346234826,IND852113AAA
-2495.2412955416075,1013.3395021912197,IND852118A1B
558.7466975512573,-1163.798491998505,IND852139AAB
1281.7920499964523,1490.0498711217094,IND852201AAA
-2323.6753984379984,-884.3767009033817,IND853204AAA
1662.2292889937753,1478.3030683520585,IND854105AAB
926.1114605832635,1466.8426104109271,IND854326AAB
