location_id,connection_count,connectivity_tier,avg_segment_distance,min_segment_distance,max_segment_distance
IND000000AAL,1,low,13.163055405405405,0.0,26.8018
IND000000AAQ,1,low,6.950349999999999,2.7137,11.2379
IND000000AAS,2,low,21.908111904761906,2.0454,37.4505
IND000000AAZ,4,medium,33.999375,0.0,64.0831
IND000000ABA,2,low,9.704115000000002,0.0,19.1988
IND000000ABD,2,low,33.94991823529412,3.5666,443.96
IND000000ABG,1,low,9.327668292682928,0.4271,14.2836
IND000000ACA,16,high,23.148089658848615,0.0,58.1257
IND000000ACB,61,hub,27.33762784711591,0.0,2191.4037000000003
IND000000ACK,1,low,9.712759574468084,1.9279,28.5627
IND000000ACN,2,low,11.670159259259261,2.206,24.279
IND000000ACO,1,low,14.680150000000001,3.4871,25.8732
IND000000ACS,4,medium,12.488732000000002,2.9681,32.455400000000004
IND000000ACT,3,medium,16.126438054363376,0.0,79.0702
IND000000ADM,1,low,8.056326829268293,0.0,13.4174
IND000000ADV,1,low,12.975490277777778,9.3332,18.6751
IND000000AEL,1,low,11.008542499999999,0.0,21.8447
IND000000AEM,2,low,10.308729914529914,0.8074,39.171
IND000000AET,2,low,22.885052777777776,0.0,38.271800000000006
IND000000AFF,2,low,34.48276666666667,27.8364,42.9291
IND000000AFG,2,low,22.5651625,17.433400000000002,27.6991
IND000000AFJ,2,low,9.371322727272727,4.596100000000001,13.1449
IND000000AFR,1,low,9.661933333333332,4.728800000000001,12.2295
IND000000AFS,1,low,14.7276,14.7276,14.7276
IND000000AFT,8,medium,11.053880961923847,0.0,24.9178
IND110005AAA,1,low,7.536066666666667,0.0,11.9647
IND110014AAA,1,low,6.839733333333333,0.0,13.0799
IND110020AAB,1,low,9.60097027027027,0.0,28.0501
IND110024AAA,3,medium,9.776958095238093,0.0,19.6177
IND110030AAD,2,low,10.168444104803493,0.0112,49.4047
IND110035AAC,1,low,10.42123717948718,4.159,23.5443
IND110037AAB,1,low,10.98876862745098,2.9168000000000003,39.171
IND110037AAK,1,low,10.438417313432836,3.4581,41.1742
IND110037AAM,32,hub,28.219103510895884,0.0,1367.5928
IND110039AAA,1,low,7.8471769230769235,0.0,13.2581
IND110043AAA,3,medium,10.209933701657459,0.0,39.945800000000006
IND110043AAC,1,low,11.951792000000001,2.0212,19.6105
IND110044AAB,8,medium,10.447755848623853,0.0,42.8487
IND110046AAA,1,low,13.586200000000002,13.586200000000002,13.586200000000002
IND110052AAA,1,low,9.678769047619047,0.0,17.3978
IND110064AAA,4,medium,10.674125954198473,0.0,36.0048
IND110064AAB,1,low,9.783245454545456,0.8074,19.81
IND110077AAA,1,low,11.7786,11.7786,11.7786
IND110078AAA,1,low,9.722193617021274,0.0,19.2936
IND110083AAA,1,low,7.433785714285714,0.0,13.4686
IND110085AAA,1,low,11.4111,11.4111,11.4111
IND110085AAB,6,medium,10.089556643356644,0.0,21.5684
IND110087AAA,1,low,7.046259999999999,0.0,11.9669
IND110092AAC,3,medium,10.621833734939761,0.0,19.1241
IND110093AAA,1,low,7.0946750000000005,0.0,15.547
IND110095AAB,1,low,12.222184249084247,3.6558,33.701
IND121001AAA,1,low,6.625410638297874,0.0,15.1425
IND121002AAA,1,low,7.196166666666667,0.0,11.2338
IND121002AAB,1,low,12.221143650793652,0.0,79.4832
IND121004AAA,1,low,8.672368181818182,3.8028,12.9909
IND121004AAB,9,medium,10.014823313407346,0.0,106.6538
IND121004AAC,1,low,8.540896666666667,2.1887,12.6648
IND121102AAA,1,low,8.757737354085602,0.0,40.2722
IND122001AAA,6,medium,9.944393827160495,0.0,23.7207
IND122001AAD,2,low,8.133472,0.0,16.346899999999998
IND122001AAJ,2,low,22.4917859375,11.3779,29.8703
IND122002AAD,1,low,8.442214285714286,1.8121,11.4112
IND122004AAA,2,low,9.444386857142856,0.0,18.9923
IND122015AAC,1,low,9.3819375,4.3114,12.4751
IND122050AAA,2,low,8.556959090909091,0.0,16.346899999999998
IND122101AAC,1,low,6.83775,3.2131,10.4624
IND122413AAE,1,low,9.456567836257308,0.0,18.9923
IND122503AAA,2,low,9.662793333333335,1.8121,17.6992
IND123001AAA,3,medium,20.58286388888889,6.3123000000000005,40.7227
IND123106AAB,1,low,17.866003333333335,2.0107,26.6028
IND123401AAB,3,medium,19.55638,2.0107,27.6966
IND124001AAB,2,low,20.07941666666667,8.7494,26.5737
IND124103AAA,2,low,23.52696785714286,0.3997,39.0774
IND124112AAA,4,medium,21.93942545454545,4.9186000000000005,40.7363
IND124141AAA,2,low,24.839704255319155,0.967,77.08930000000001
IND124507AAA,2,low,22.02912173913043,2.5189,40.2684
IND125001AAA,12,high,25.626348648648648,6.5707,159.9441
IND125005AAA,8,medium,24.46425203252032,0.0168,54.7819
IND125033AAA,4,medium,21.726992,12.3891,29.8485
IND125047AAB,4,medium,22.68240392156862,0.0,46.5379
IND125050AAA,2,low,18.638579999999997,1.9157,23.9883
IND125051AAA,4,medium,23.843610256410255,0.0,46.5379
IND125104AAA,2,low,24.820542553191494,5.7234,37.0802
IND125111AAA,2,low,20.94465,5.0571,32.7272
IND125121AAA,2,low,19.020899999999997,5.0571,32.7272
IND126102AAA,3,medium,19.300703846153848,9.5101,26.2194
IND126112AAA,1,low,22.479896875,5.6437,35.1072
IND126116AAA,2,low,19.370403333333332,5.1725,28.6017
IND127021AAA,3,medium,21.211163934426235,1.6223,42.8157
IND127201AAA,2,low,18.684196875,1.1662,30.0521
IND131021AAA,1,low,6.902781981981982,0.0,13.9207
IND131028AAA,1,low,6.902781981981982,0.0,13.9207
IND131028AAB,31,hub,21.76020350602948,0.0,194.0782
IND131028AAE,1,low,20.828200000000002,2.5189,36.3615
IND131301AAA,3,medium,20.626723333333334,5.097899999999999,28.6017
IND132001AAA,3,medium,23.995800000000003,2.6741,95.8285
IND132039AAA,1,low,19.919230952380953,0.0259,42.0178
IND132103AAA,2,low,21.77234444444445,8.374600000000001,35.2229
IND132103AAB,2,low,20.77942222222222,10.059,30.6445
IND133004AAA,1,low,18.821388888888887,7.7577,26.1621
IND134102AAA,3,medium,21.803845000000003,7.2133,43.2668
IND134109AAA,1,low,8.922993333333332,2.2667,15.1272
IND134203AAA,2,low,13.476046969696968,2.8243,35.5615
IND135001AAA,3,medium,19.456319298245617,0.0,34.1911
IND136027AAA,2,low,16.98912790697674,0.0259,42.0178
IND136118AAA,2,low,19.583681506849313,4.2123,39.6917
IND136128AAA,2,low,14.276146590909091,1.2675999999999998,26.3763
IND140001AAA,2,low,16.9657825,0.8832000000000001,31.2158
IND140118AAA,2,low,21.00373577235772,1.9231,37.3843
IND140301AAA,3,medium,13.632097540983608,0.293,25.8527
IND140401AAA,4,medium,19.837064102564103,0.0,50.1815
IND140406AAA,2,low,17.055115,2.904,34.6161
IND140501AAA,2,low,13.628116666666667,2.8243,27.7981
IND140603AAA,1,low,8.370866990291262,0.0,29.3743
IND140901AAA,3,medium,9.945498876404494,0.293,57.2397
IND141003AAB,3,medium,20.116675,0.0,35.645
IND141010AAA,1,low,7.7655,0.0,15.531
IND141109AAA,3,medium,24.882791071428574,13.1294,33.6024
IND141115AAA,3,medium,15.585504444444442,0.0,38.1738
IND142001AAB,4,medium,22.493387234042554,0.0,78.57939999999999
IND142026AAA,3,medium,22.151353968253968,0.908,35.645
IND142401AAA,2,low,17.212604444444445,0.0,34.8408
IND143001AAA,3,medium,23.197413602941175,2.2835,44.1172
IND144001AAA,2,low,14.165290625,0.535,26.1108
IND144001AAB,6,medium,21.06588284424379,0.0,52.6951
IND144001AAC,2,low,12.954432653061225,2.7764,42.3465
IND144040AAA,3,medium,14.707450000000001,0.0,45.7258
IND144401AAB,1,low,7.238581666666666,0.0,14.0554
IND144514AAA,2,low,27.150866666666666,0.0,42.6151
IND144527AAA,1,low,17.2945875,7.1097,26.7236
IND144601AAA,3,medium,20.6090875,5.9007,45.7258
IND145001AAA,3,medium,37.90045833333333,16.9645,49.5015
IND147001AAB,3,medium,25.56236935483871,1.2148,79.26689999999999
IND147001AAD,4,medium,26.45786,1.7657,79.7152
IND147101AAA,2,low,21.38028125,1.7573,36.4782
IND147105AAA,2,low,22.575036206896552,1.7573,37.647
IND147201AAA,3,medium,14.676755555555555,1.2148,26.5736
IND147301AAA,2,low,19.424241666666667,10.6635,27.0501
IND148001AAA,1,low,16.461775,7.881399999999999,24.7706
IND148023AAA,4,medium,16.709033333333334,6.1637,25.2034
IND148024AAB,1,low,19.4578,19.4578,19.4578
IND148028AAA,2,low,21.564875,15.9177,25.5193
IND148101AAA,2,low,22.010206896551725,15.8164,26.4847
IND148102AAA,2,low,23.2796125,2.2128,34.9568
IND151001AAA,8,medium,26.832582352941177,0.0,204.0714
IND151103AAA,1,low,17.824145454545455,4.0925,29.2744
IND151302AAA,2,low,26.929770491803282,0.0,58.8845
IND151505AAA,2,low,21.357863157894734,3.493,58.8845
IND151506AAA,2,low,29.71187547169811,18.7356,84.7201
IND152024AAA,2,low,15.907912500000002,7.115600000000001,23.4463
IND152026AAA,9,medium,22.340780307692306,0.0,58.1257
IND152101AAA,1,low,17.889916666666668,5.9405,30.724
IND152107AAA,2,low,18.737599999999997,5.4029,29.2473
IND152116AAA,2,low,21.640499999999996,0.1941,50.6767
IND152123AAA,2,low,18.164757142857145,3.5651,32.7489
IND160002AAC,43,hub,22.939039012021038,0.0,281.4548
IND160002AAD,1,low,10.214925,7.7488,14.0371
IND160003AAA,1,low,8.890475,1.7284000000000002,11.063
IND160055AAA,2,low,8.547018994413408,0.0,36.0758
IND160102AAC,1,low,9.338128229665072,0.0,41.9213
IND160102AAD,2,low,11.103407843137253,4.594600000000001,45.2652
IND173025AAA,2,low,25.577405,0.0,41.2791
IND173212AAA,4,medium,33.29058059701492,0.0,101.7296
IND173220AAA,2,low,33.451375,20.8783,41.0419
IND174001AAA,3,medium,33.006336879432624,0.0,179.6057
IND174021AAA,1,low,28.455249999999996,26.7981,29.8996
IND174101AAB,2,low,21.286660869565218,0.6633,35.3901
IND174103AAA,4,medium,22.07073414634146,12.1766,44.1148
IND174307AAA,2,low,27.02304695652174,1.393,52.0406
IND175001AAA,2,low,29.269281999999997,21.0165,43.4801
IND175015AAA,2,low,29.81205061728396,0.0,121.195
IND175018AAA,2,low,28.988856249999998,0.0,40.3094
IND175101AAA,2,low,34.226725757575764,21.838,73.0111
IND176001AAA,1,low,21.932100000000002,8.8237,35.5033
IND176001AAB,1,low,21.493850000000002,8.982299999999999,34.0054
IND176041AAA,2,low,33.489180645161284,0.0,62.5411
IND176048AAA,2,low,27.56080681818182,0.0,59.1002
IND176061AAA,2,low,28.516224999999995,0.5179,68.7127
IND176110AAB,2,low,26.151699999999998,21.2004,28.6101
IND176201AAA,2,low,27.71534,6.1675,53.359
IND176215AAA,1,low,16.90308333333333,0.5179,34.071
IND176303AAA,3,medium,36.89658666666667,6.1675,53.359
IND176310AAA,2,low,42.22968367346939,29.2078,50.2326
IND177001AAA,1,low,24.632700000000003,21.2004,28.1889
IND177033AAA,2,low,27.424026490066225,7.293,87.3725
IND177101AAA,3,medium,25.132766666666665,8.8237,35.5033
IND177203AAA,1,low,31.82626666666667,31.24,32.1649
IND181152AAA,3,medium,23.248618518518516,0.0,68.6858
IND181152AAB,4,medium,14.945989743589744,0.0,34.8155
IND181201AAB,1,low,10.057886666666667,3.4603,14.7508
IND184104AAA,4,medium,24.691101324503315,0.0,72.556
IND184121AAA,4,medium,23.525850505050503,6.3049,77.74239999999999
IND201001AAA,1,low,7.399623076923077,0.0,11.6765
IND201001AAC,2,low,22.34279024390244,7.4337,163.569
IND201005AAA,1,low,8.927980000000002,0.0,12.7747
IND201007AAA,8,medium,9.861462139917696,0.0,25.9641
IND201007AAB,3,medium,9.647152173913044,0.0,22.145
IND201204AAA,2,low,24.01998787878788,4.4148000000000005,40.2856
IND201301AAD,1,low,11.84426,4.888199999999999,18.6042
IND201301AAF,9,medium,15.451877678571428,0.0,45.9647
IND201301AAL,2,low,9.950721276595745,2.3545,13.9385
IND201301AAM,1,low,26.804783561643834,2.1253,216.5872
IND201304AAA,2,low,7.791304255319148,0.0,13.3895
IND201306AAA,2,low,10.22942222222222,0.01,13.3895
IND201307AAA,1,low,9.53644705882353,2.3545,13.5716
IND202001AAB,6,medium,25.197236101083035,3.8517,124.0818
IND202001AAC,1,low,8.540625,2.9877,12.567
IND203001AAA,1,low,17.2137,15.8628,18.8358
IND203131AAA,2,low,17.465548648648653,9.7034,25.6815
IND203135AAA,3,medium,18.782421428571425,2.1551,34.5675
IND203205AAA,1,low,30.39376578947369,16.9889,45.9647
IND203390AAA,3,medium,20.556384931506848,0.0,41.3149
IND203396AAB,2,low,17.948322727272725,1.511,39.7517
IND204101AAA,2,low,23.29219523809524,6.0756000000000006,29.9674
IND204215AAA,2,low,8.2397575,2.095,12.567
IND205001AAB,8,medium,25.55285260115607,0.0,218.1075
IND205135AAA,2,low,19.065432352941176,2.2864,26.9218
IND206001AAA,2,low,35.104638095238094,0.0,135.54489999999998
IND206122AAA,2,low,29.046887931034483,0.0,89.5089
IND207001AAA,2,low,8.94254081632653,0.0,20.6854
IND207123AAA,1,low,46.2882,14.0341,72.9581
IND207247AAB,3,medium,30.62477454545455,14.0178,66.42569999999999
IND207302AAA,2,low,17.67411739130435,0.0,85.1369
IND208006AAA,1,low,18.255965999999997,0.1846999999999999,80.1033
IND208012AAA,1,low,20.60133466666667,1.4874,89.4172
IND208017AAA,1,low,13.822292307692306,3.2815,28.2543
IND208019AAA,1,low,11.410506122448979,1.4264,81.6495
IND209101AAA,2,low,36.771327906976744,18.4996,91.4465
IND209111AAA,2,low,22.647342696629217,0.0,71.60610000000001
IND209206AAB,2,low,19.507804424778758,0.0,79.2575
IND209304AAA,22,high,28.66667693535515,0.0,467.705
IND209625AAA,3,medium,17.736839622641508,0.0,41.0047
IND209721AAB,2,low,16.403808,0.6373,25.5945
IND209801AAA,1,low,18.458435,0.0,124.0773
IND210001AAA,2,low,20.23406382978723,1.0152,28.8841
IND210301AAA,1,low,7.705245454545454,0.0,20.5741
IND210427AAA,2,low,26.422760759493674,3.8887,162.16379999999998
IND210431AAA,2,low,30.219232499999997,20.1789,72.804
IND210501AAB,1,low,13.700030496453904,1.6436,51.6604
IND211002AAB,9,medium,28.05987882352941,0.0,195.7311
IND211008AAA,1,low,7.870500000000001,3.1205,10.7236
IND211010AAB,1,low,9.8043,9.8043,9.8043
IND211011AAA,2,low,8.373296875000001,0.0,31.5279
IND211013AAA,1,low,8.424947058823529,0.0,13.4755
IND212402AAA,2,low,9.76319900990099,2.3264,23.2603
IND212501AAA,2,low,9.523112162162162,2.3264,31.5279
IND212601AAA,2,low,30.580450000000003,1.0152,110.9923
IND221005A1A,1,low,13.1201,13.1201,13.1201
IND221010AAA,2,low,8.6393,2.4754,13.1201
IND221010AAB,5,medium,20.944668181818184,0.0,79.3323
IND221303AAA,2,low,24.528520000000004,17.544900000000002,29.2874
IND221313AAA,7,medium,27.892108275862068,1.12,106.5733
IND221401AAA,2,low,27.900833333333335,17.544900000000002,47.8665
IND221706AAA,2,low,27.727767857142858,5.7457,46.1776
IND222001AAA,3,medium,16.998883333333335,3.2287,23.8435
IND222125AAB,2,low,14.5702625,0.0,30.059900000000003
IND222136AAA,2,low,24.88846666666667,17.665200000000002,34.0259
IND223101AAB,2,low,14.493549999999999,0.0,30.059900000000003
IND224001AAA,1,low,9.590722916666666,0.0,23.4145
IND224122AAA,1,low,9.331596000000001,0.8531,24.932
IND224141AAB,2,low,9.458515306122449,0.0,24.932
IND226004AAA,2,low,15.924853846153846,1.4447,23.5543
IND226004AAC,1,low,27.459985,10.8901,45.761300000000006
IND226016AAA,1,low,17.08600909090909,11.4266,23.5543
IND226024AAA,1,low,9.5385,1.4447,17.6323
IND231001AAA,1,low,28.935533333333336,28.2665,29.2874
IND231205AAA,2,low,27.82339333333334,0.0,57.0841
IND231208AAA,1,low,33.5619,32.5016,34.1518
IND231216AAA,2,low,33.59135833333334,21.6877,53.1676
IND231217AAA,2,low,22.860120000000002,8.281799999999999,34.1518
IND231225AAB,2,low,19.89064761904762,8.281799999999999,29.0364
IND232101AAB,3,medium,10.879507999999998,0.5328999999999999,20.0506
IND232104AAB,4,medium,14.163709375,1.5682,71.94789999999999
IND232327AAA,1,low,11.653028571428575,6.4861,21.6683
IND233001AAA,3,medium,24.824823529411766,1.3574000000000002,79.3323
IND233221AAC,1,low,28.0285,1.5682,71.94789999999999
IND241124AAB,2,low,19.619705882352942,0.0,28.5997
IND242001AAA,2,low,22.73128,19.7927,24.0865
IND242221AAA,2,low,26.997404000000003,13.5183,44.1603
IND242307AAB,3,medium,28.77485483870968,13.5183,66.42569999999999
IND243001AAA,2,low,20.973887500000004,0.0,30.791400000000003
IND243002AAA,2,low,21.082648000000002,6.25,39.2905
IND243201AAA,3,medium,14.2027625,1.097,45.3187
IND243301AAB,3,medium,32.83978392857143,11.9341,81.2534
IND243503AAB,3,medium,24.02023287671233,0.0,93.8173
IND244001AAA,2,low,33.27878194444444,3.1996,97.4857
IND244221AAA,2,low,33.30772756756757,12.009799999999998,194.0782
IND244235AAA,2,low,32.523726699029126,4.2824,91.8805
IND244301AAA,2,low,26.29858076923077,0.0,77.9005
IND244412AAA,3,medium,32.401438000000006,0.0,81.2534
IND244501AAA,2,low,29.450927777777775,4.6181,60.0378
IND244601AAB,3,medium,27.436902325581393,0.3738999999999999,69.7757
IND244713AAA,3,medium,16.97553703703704,1.0979,25.7168
IND244715AAA,3,medium,21.795548809523808,1.0979,44.2536
IND244901AAB,16,high,27.590625157232708,0.3738999999999999,146.1082
IND244901AAC,2,low,18.10973333333333,3.6851,29.5193
IND244921AAB,4,medium,11.307867741935484,2.7445,25.1997
IND245101AAA,2,low,8.533637179487178,0.0,20.9489
IND245304AAA,2,low,8.510976623376623,0.0,20.9489
IND246001AAA,1,low,36.444358333333334,0.3473,66.0918
IND246149AAA,1,low,36.47925692307692,0.0,77.49289999999999
IND246174AAA,3,medium,34.18469186046511,12.8466,95.9784
IND246424AAA,2,low,33.54689122807017,19.6337,95.9784
IND246444AAB,2,low,30.411512765957454,25.7933,34.8459
IND246701AAA,2,low,17.756175,4.2283,32.6682
IND246725AAB,2,low,30.61841578947368,4.2283,58.2477
IND246761AAA,4,medium,26.30331875,4.6181,55.3494
IND246763AAA,3,medium,23.0921375,2.2209,59.8263
IND247554AAA,3,medium,22.4253425,0.0,48.2472
IND247667AAA,2,low,20.083572413793103,4.5977,30.1475
IND247667AAB,2,low,24.076488297872338,6.2515,30.1725
IND247776AAA,2,low,18.070577777777782,0.0,30.2537
IND248001AAA,3,medium,26.738343386243383,0.0,55.8211
IND248001AAD,2,low,17.09577162162162,0.0,55.2021
IND248122AAB,2,low,28.624735714285716,0.0,50.456
IND248197AAA,1,low,26.078037037037035,0.0,50.456
IND249201AAA,3,medium,27.374116949152544,0.3473,66.0918
IND249407AAA,5,medium,27.34220703125,0.0,193.5948
IND250002AAA,3,medium,26.132273076923077,0.0,48.4883
IND250002AAC,2,low,33.646122222222225,2.0039,89.7878
IND250221AAA,1,low,19.9858,19.9858,19.9858
IND250609AAA,1,low,24.9115,24.9115,24.9115
IND250611AAA,2,low,19.520703571428566,8.2607,30.2537
IND251001AAA,2,low,20.050437878787875,0.0,30.9275
IND251201AAA,3,medium,23.93837142857143,11.0732,39.1532
IND251309AAB,2,low,20.759886363636365,0.0,39.3948
IND261001AAA,2,low,25.31162371134021,7.7256,40.5116
IND261201AAB,1,low,30.76856842105263,11.2007,40.5116
IND262001AAA,4,medium,14.563089361702128,0.0,43.6232
IND262122AAB,2,low,14.046316666666668,0.0,146.1082
IND262405AAA,1,low,27.706733333333332,17.5738,41.7906
IND262501AAA,3,medium,45.44877702702703,11.7369,114.8605
IND262701AAA,2,low,19.64161111111111,5.0818,31.8134
IND262723AAB,1,low,30.77738888888889,14.1128,48.7232
IND262802AAA,2,low,25.218185436893204,5.0818,48.7232
IND263002AAA,2,low,29.63455555555555,1.9565,94.9128
IND263139AAA,1,low,17.60805,4.8451,28.097
IND263153AAB,11,high,29.163866071428572,1.9565,190.9415
IND263401AAA,3,medium,21.594686274509804,4.2029,43.5262
IND263601AAA,3,medium,33.60331071428572,0.0,73.2409
IND263645AAA,4,medium,29.107530357142856,0.0,56.0247
IND271001AAA,2,low,10.594915384615385,0.6647000000000001,69.2087
IND271201AAA,2,low,9.339037209302326,3.6073,12.3345
IND271210AAA,2,low,10.899024742268042,0.6647000000000001,69.2087
IND272001AAA,3,medium,34.107188,0.0,93.7702
IND272153AAC,1,low,9.633657142857142,2.1362,11.9736
IND272155AAA,1,low,17.330033333333336,0.0,36.1449
IND272175AAA,1,low,17.450924999999998,9.5073,23.6042
IND272207AAB,1,low,9.633657142857142,2.1362,11.9736
IND273014AAB,8,medium,24.435814746543777,0.0,98.4639
IND273155AAA,2,low,14.127796551724135,1.1377000000000002,81.4679
IND273303AAA,2,low,8.362814285714286,0.0,14.5189
IND273304AAA,2,low,16.77817704918033,0.0,88.3685
IND274001AAA,2,low,17.791896103896104,0.0,30.001
IND274301AAB,3,medium,25.585713114754096,0.0,53.3392
IND274304AAA,2,low,19.156084615384614,0.0,32.784099999999995
IND274304AAB,3,medium,14.200021621621621,0.0,25.0436
IND274402AAA,3,medium,19.6664,0.6377999999999999,34.200900000000004
IND274509AAB,3,medium,17.035763157894735,0.0,34.200900000000004
IND275101AAA,2,low,19.66835,15.7792,24.0271
IND275303AAA,2,low,21.0679875,18.5675,23.6684
IND275503AAA,3,medium,18.580122222222222,14.0804,24.5028
IND276128AAA,2,low,22.470577272727276,1.12,44.6619
IND276129AAA,2,low,21.357483333333334,0.0,32.5761
IND276140AAA,2,low,22.287566666666663,9.4442,31.2961
IND276305AAA,2,low,16.748930769230768,0.0,34.3322
IND277201AAA,2,low,23.966739393939395,5.7457,39.8359
IND277211AAA,2,low,21.06410588235294,11.4233,28.3305
IND277303AAC,2,low,25.212590196078427,11.4233,37.4113
IND281004AAA,1,low,37.428145,0.0,68.0595
IND281121AAB,1,low,33.55564242424242,4.489,154.5011
IND281401AAA,2,low,12.223465217391304,1.8277,92.1168
IND282001AAA,3,medium,29.539784980237158,4.5923,233.1654
IND282001AAC,2,low,32.992641666666664,4.9001,83.6604
IND282001AAF,1,low,11.5669725,1.3605,24.7335
IND282002AAD,9,medium,26.8782082437276,0.0,218.1075
IND282005AAA,1,low,14.489257142857143,0.0,30.3596
IND283122AAB,3,medium,14.917173529411766,0.0,34.677800000000005
IND283203AAA,4,medium,32.307314864864864,0.0,205.1563
IND284001AAA,1,low,25.773451851851853,0.1694,80.33630000000001
IND284403AAA,3,medium,33.7300125,0.1694,223.2655
IND285001AAD,2,low,15.946625714285712,0.0,27.3448
IND285205AAB,2,low,18.019312280701755,2.4282,29.4411
IND301001AAB,6,medium,27.445544015444014,1.1465999999999998,90.8955
IND301019AAA,2,low,19.63447307692308,4.6174,43.6268
IND301705AAA,3,medium,20.28911304347826,4.6174,43.6268
IND302004AAA,2,low,9.510845588235295,0.0,19.3457
IND302006AAA,1,low,8.371489655172413,0.8984,14.6598
IND302006AAC,1,low,11.269929787234043,0.0,17.2495
IND302014AAA,15,high,27.738300080289044,0.0,220.843
IND302014AAB,15,high,10.905448878205128,0.0,87.4646
IND302020AAA,1,low,6.834524324324324,0.0,13.9909
IND302022AAD,1,low,20.179289489489495,0.0,48.2456
IND302023AAA,1,low,9.669025454545451,0.0,16.0205
IND302026AAA,1,low,11.422095238095238,6.3241000000000005,22.7356
IND302033AAB,1,low,6.8595,0.6395,13.0795
IND303002AAA,2,low,21.417076470588235,2.3616,31.9536
IND303008AAB,2,low,11.321731999999997,0.6955,25.1528
IND303106AAA,3,medium,20.540515384615386,0.3638,32.5406
IND303108AAB,1,low,21.790116666666666,14.8779,27.876
IND303301AAB,2,low,10.870827397260275,0.0,37.9712
IND303303AAA,3,medium,11.554863101604278,0.0,95.3121
IND303338AAB,2,low,12.796855813953488,0.6955,26.053
IND303503AAA,2,low,11.697919166666669,0.0,80.4249
IND303603AAB,2,low,13.660653521126761,4.8854,87.4646
IND303702AAB,3,medium,20.38309622641509,0.0,32.144400000000005
IND303901AAA,2,low,10.043910416666666,2.2906,17.304599999999997
IND304001AAA,3,medium,10.42169090909091,3.7004,17.9965
IND305001AAC,8,medium,18.977388905547226,0.0,111.7865
IND305404AAA,3,medium,22.77103484848485,4.147600000000001,54.8823
IND305601AAC,2,low,25.26341551724138,0.8396,54.8823
IND305624AAA,4,medium,26.47017021276596,4.5446,65.6139
IND305802AAA,2,low,16.72625,1.0696,26.4052
IND305901AAA,3,medium,28.254013513513513,8.569700000000001,111.7865
IND306001AAA,1,low,31.25745,0.0,41.5003
IND306116AAA,2,low,31.223281818181817,0.0,41.5003
IND306304AAB,2,low,31.213324999999998,19.2733,40.4345
IND306401AAB,5,medium,20.521979976985037,0.0,111.9015
IND306902AAA,2,low,20.148159999999997,11.6907,30.8816
IND307001AAA,2,low,22.40487,11.6907,37.921800000000005
IND311001AAA,3,medium,24.15554545454545,0.0,89.92760000000001
IND311301AAA,1,low,22.71898333333333,14.6544,26.5126
IND311302AAA,3,medium,28.972064999999997,1.2216,54.9163
IND312001AAA,4,medium,23.729633566433566,1.4376,74.6573
IND312403AAA,2,low,31.45070731707317,3.1308,68.7667
IND312601AAA,2,low,32.687850000000005,0.8937,113.4815
IND312605AAB,4,medium,23.195923636363638,0.0,37.2721
IND313001AAB,8,medium,27.131797243107773,0.0,96.716
IND313324AAA,2,low,26.40201568627451,0.0,89.92760000000001
IND321001AAA,4,medium,25.38538679245283,4.6877,90.8955
IND321001AAB,3,medium,19.015607246376817,1.1465999999999998,31.5698
IND321022AAA,2,low,12.94019611650485,0.34,106.6538
IND321401AAB,2,low,21.509965384615384,12.3074,31.5698
IND321408AAB,2,low,26.335833333333337,2.2888,87.891
IND321606AAA,3,medium,33.91869024390244,2.2888,85.7597
IND322001AAC,2,low,13.436560465116276,0.7202999999999999,33.206900000000005
IND322201AAA,3,medium,9.03581304347826,0.0,39.4283
IND322230AAA,2,low,11.466737853107345,0.0,95.3121
IND322241AAA,2,low,8.191271304347827,0.0,15.003
IND327001AAB,2,low,29.904040000000006,0.0,67.4337
IND328001AAA,4,medium,25.299682258064518,0.0,78.5965
IND331001A1C,1,low,20.306833333333334,6.3096000000000005,28.8863
IND331022A1B,1,low,20.306833333333334,6.3096000000000005,28.8863
IND331023AAA,2,low,19.1144125,10.9183,29.0439
IND331304AAA,2,low,33.903775,4.857600000000001,136.1242
IND331507AAA,1,low,28.683745833333333,20.3668,34.4894
IND331701AAA,2,low,23.90978571428571,6.813,35.4636
IND332001AAB,9,medium,22.79792521008403,0.5007,136.1242
IND332404AAA,3,medium,17.710192857142857,0.5007,35.3619
IND332709AAA,1,low,28.83713333333333,2.4769,53.9191
IND332713AAA,3,medium,28.28181666666667,2.4769,53.9191
IND332715AAB,1,low,37.0627,23.9798,50.1456
IND333001AAA,2,low,19.812133333333335,1.5228,35.503
IND333028AAA,4,medium,22.23757777777778,1.5228,35.8001
IND333031AAA,3,medium,24.721888135593222,4.100899999999999,33.3876
IND333042AAA,2,low,22.749437313432836,3.1427,36.0186
IND333502AAA,1,low,20.384700000000002,8.1872,32.5822
IND333504AAA,2,low,24.463000000000005,15.7173,30.4728
IND334001AAB,2,low,23.686302083333334,4.3864,46.9753
IND334001AAC,3,medium,22.937075510204078,3.0374,45.3384
IND334803AAA,3,medium,19.753014814814815,0.0,31.3992
IND335001AAA,2,low,23.806836206896556,11.5378,37.0802
IND335051AAA,2,low,12.927046428571426,0.0,110.8585
IND335501AAA,2,low,51.89095999999999,21.9771,159.9441
IND335513AAA,6,medium,18.03585418719212,0.5691,110.8585
IND335523AAB,3,medium,35.86498125,8.532200000000001,69.6502
IND335524AAA,3,medium,29.137446666666666,0.0168,46.0228
IND335701AAA,3,medium,10.095569135802469,0.0,51.6454
IND335703AAA,2,low,10.573328125,0.0,41.3872
IND335803AAA,2,low,10.868983333333334,0.6311,31.7302
IND335804AAD,4,medium,11.00790882352941,0.0,41.3872
IND341001AAC,4,medium,22.72121960784314,0.0,27.4161
IND341030AAA,2,low,19.167746153846153,6.7219,25.6018
IND341303AAA,3,medium,20.491704615384613,5.5491,29.857
IND341306AAA,2,low,23.322159999999997,5.5491,36.703
IND341503AAB,2,low,25.33495333333333,0.9491,41.2261
IND341505AAA,3,medium,25.83287391304348,0.9491,41.2261
IND341510AAB,3,medium,24.311158571428575,15.5986,37.154900000000005
IND341512AAA,2,low,20.31976111111111,3.3436,29.0959
IND342005AAD,6,medium,29.490096610169495,1.6305999999999998,169.7631
IND342301AAA,5,medium,35.46374191176471,3.9643,169.7631
IND342601AAA,3,medium,19.907775555555553,1.3727,39.7939
IND342602AAC,4,medium,29.985869047619047,1.2216,61.5146
IND342902A1B,3,medium,25.96763301886792,1.3638,47.3801
IND342902AAA,3,medium,25.588977631578945,7.991,42.4591
IND343001AAA,2,low,29.14814615384616,10.1429,43.7858
IND343029AAB,2,low,24.6497,10.1429,37.921800000000005
IND344001AAA,4,medium,28.478618518518516,3.9643,123.9755
IND344022AAB,3,medium,26.973703174603177,1.6305999999999998,122.2532
IND345001AAA,3,medium,22.3383115942029,4.3529,33.380900000000004
IND345021AAA,3,medium,25.940733802816908,4.4338,123.9755
IND360002AAB,3,medium,19.4064375,0.7108,80.2645
IND360003AAA,1,low,12.138874999999999,8.5916,29.0083
IND360050AAA,1,low,9.380440000000002,6.409800000000001,12.9441
IND360311AAA,2,low,11.07793846153846,6.409800000000001,29.0083
IND360370AAA,2,low,16.355680952380954,6.1676,25.7996
IND360410AAA,2,low,16.854633333333336,16.2596,17.3674
IND360490AAA,2,low,21.08832272727273,11.4582,28.0777
IND360510AAB,2,low,10.941173076923075,0.0,28.2543
IND360530AAB,2,low,12.024415441176469,0.0,44.6034
IND360575AAA,2,low,11.042762745098038,0.0,34.731199999999994
IND361001AAA,1,low,18.12514375,3.4149000000000003,27.0174
IND361305AAC,3,medium,18.899821621621623,0.0,34.6671
IND361315AAA,2,low,20.351379545454545,0.0,26.1942
IND361335AAA,3,medium,24.068914285714285,2.6374,80.2645
IND362001AAA,7,medium,12.4733417989418,0.0,50.1514
IND362150AAA,2,low,12.2373,0.0,50.1514
IND362220AAA,3,medium,9.894619512195122,0.0,41.2887
IND362225AAA,2,low,9.509447619047618,0.0,19.6727
IND362265AAA,4,medium,10.205250781250001,0.0,22.1686
IND362560AAA,2,low,10.509185074626867,0.0,44.4965
IND362720AAA,2,low,9.938543537414967,0.0,36.3964
IND363001AAA,2,low,16.97772089552239,0.0,36.0561
IND363310AAB,3,medium,21.189781818181817,1.4363,41.5943
IND363330AAB,2,low,22.1689734375,1.5522,44.4232
IND363421AAB,2,low,16.300832835820895,0.0,30.1975
IND363520AAC,1,low,19.322812820512816,7.6952,36.0561
IND363621AAB,2,low,12.459426923076924,2.6663,15.8443
IND363641AAA,2,low,13.006288,0.7108,21.2151
IND364001AAA,1,low,24.256875,15.2344,32.2101
IND364004AAB,2,low,23.63603660714286,0.0,33.5151
IND364270AAA,1,low,24.256875,15.2344,32.2101
IND364290AAA,1,low,20.3541125,11.215,32.5683
IND364710AAA,1,low,18.159953846153847,0.5641,30.1975
IND365560AAA,2,low,21.58625762711865,0.0,75.9957
IND365560AAB,2,low,20.713889583333334,0.0,75.9957
IND370001AAA,3,medium,22.577150819672134,1.0688,52.0766
IND370110AAA,2,low,21.027133333333335,10.4058,29.8092
IND370201AAA,4,medium,29.454563959390864,0.0,196.8644
IND370615AAB,2,low,25.689383333333335,1.0688,52.0766
IND380005AAA,3,medium,10.146632283464566,0.0,26.4098
IND380006AAA,1,low,7.500833333333334,1.5669000000000002,12.8532
IND380006AAB,1,low,9.071446296296294,2.6953,14.6615
IND380015AAB,1,low,7.786249275362318,0.0,15.6927
IND380021AAA,1,low,9.3983,0.5651,17.7235
IND380054AAA,1,low,11.046415748031494,0.0,20.656
IND382345AAA,1,low,9.958647761194031,0.0,20.0793
IND382421AAA,3,medium,10.923989999999998,0.0,44.356
IND382430AAB,24,high,25.070246377592245,0.0,320.7535
IND382715AAA,2,low,22.388795454545455,0.0,61.6602
IND382721AAA,3,medium,11.176183673469389,0.0,49.9108
IND383001AAA,2,low,24.724999999999998,12.2037,36.161
IND383255AAB,2,low,25.372642857142857,0.0,41.6455
IND383315AAC,3,medium,24.113107692307697,0.0,36.161
IND384170AAA,2,low,19.389204,0.0,28.2656
IND384205AAA,10,medium,24.00362619808307,0.0,64.7795
IND384265AAB,3,medium,24.16158679245283,1.845,48.5826
IND384355AAB,2,low,20.314672580645162,0.0,70.7941
IND385001AAA,3,medium,21.2895375,0.0,70.7941
IND385320AAA,2,low,22.93310877192982,2.722,34.1634
IND385340AAB,3,medium,21.634906976744187,2.722,48.5826
IND385535AAA,2,low,22.247190697674416,0.0,64.7525
IND387001AAA,2,low,8.480540845070426,0.0,17.3804
IND387620AAB,2,low,11.834007692307692,0.0,32.4306
IND388121AAA,2,low,9.960621818181819,1.8967,14.348
IND388220AAA,2,low,9.153811494252876,0.0,18.9846
IND388320AAA,6,medium,14.450446666666666,0.0,59.576800000000006
IND388620AAB,2,low,10.094786178861789,0.0,18.2408
IND389001AAA,2,low,27.76254404761905,16.1194,106.6303
IND389151AAA,2,low,26.678442352941175,13.6446,106.6303
IND389230AAB,1,low,10.138314285714285,0.0,15.7062
IND390018AAB,1,low,7.802833333333333,0.0,12.0449
IND390020AAA,3,medium,8.61636909090909,0.0,13.7703
IND390022AAA,6,medium,24.810517361111113,0.0,117.0608
IND391110AAD,2,low,8.861241666666666,2.1922,13.7703
IND394221AAA,1,low,9.7065,0.0,18.1499
IND395001AAA,1,low,10.413953333333332,0.0,15.5545
IND395004AAB,1,low,8.787634146341464,2.2578,16.439799999999998
IND395006AAA,1,low,8.082926315789473,0.0,19.1443
IND395009AAA,1,low,11.8899,0.7581,17.8377
IND395010AAB,1,low,8.884649999999999,0.0,17.769299999999998
IND395023AAA,11,high,27.394391690273842,0.0,257.85470000000004
IND395023AAD,6,medium,10.778961057692309,0.0,36.9366
IND396001AAA,2,low,14.701666101694915,0.0,36.9366
IND396105AAA,1,low,9.0007375,1.2277,20.8005
IND396191AAB,1,low,27.655183333333337,18.1901,39.8514
IND396191AAC,5,medium,20.507625,1.2277,164.1773
IND396210AAA,1,low,10.2921,10.2921,10.2921
IND396232AAA,1,low,11.385909375,1.4605,18.7458
IND396321AAA,3,medium,10.217656050955414,0.0,46.9973
IND396445AAA,2,low,12.492185714285716,5.2387,22.8804
IND396580AAB,1,low,9.327417543859646,0.0,46.9973
IND400011AAA,3,medium,9.963660946745563,0.5956,30.3332
IND400015AAA,3,medium,10.141922084367245,0.0,44.0784
IND400015AAB,2,low,10.435511111111111,0.0,45.8336
IND400016AAA,1,low,6.11395,0.0,12.2279
IND400016AAB,2,low,9.239511538461539,0.0,15.1403
IND400037AAA,1,low,14.1997,0.0,31.4595
IND400052AAA,1,low,8.234845454545454,0.5145,11.3523
IND400064AAB,2,low,7.83321388888889,0.0,14.2395
IND400072AAA,1,low,9.764076744186047,0.0,29.352
IND400072AAB,14,high,11.016518927203064,0.0,34.5163
IND400072AAC,1,low,10.802611764705881,5.795100000000001,12.8082
IND400072AAD,4,medium,9.274868764044944,0.0,30.3332
IND400072AAI,1,low,14.7276,14.7276,14.7276
IND400072AAJ,2,low,10.140068253968254,0.0,31.4595
IND400078AAB,1,low,8.10075,2.7427,13.4588
IND400102AAB,1,low,11.343866666666667,0.0,33.8606
IND400102AAC,2,low,11.97965325670498,0.0,35.12
IND400612AAA,1,low,9.871974285714288,0.0,15.6545
IND400701AAA,3,medium,9.376018867924529,0.0,18.925
IND400701AAB,2,low,11.371296039603966,0.0,23.8612
IND400705AAA,2,low,10.383561111111112,0.0,20.789
IND400706AAA,1,low,9.7924,0.0,18.1351
IND401104AAA,5,medium,11.79080053285968,0.0,29.686400000000003
IND401104AAB,2,low,14.090713157894736,0.0,29.5726
IND401208AAA,1,low,11.925837837837838,0.0,24.6721
IND401209AAA,1,low,11.388269999999999,5.2818000000000005,27.4477
IND401209AAB,3,medium,11.150993684210528,0.0,25.0768
IND401501AAA,1,low,11.887247560975611,0.0,34.3508
IND401602AAA,1,low,11.887247560975611,0.0,34.3508
IND402107AAA,2,low,10.754442076502732,0.0,42.2295
IND402109AAA,2,low,10.550189417989417,0.0,42.2295
IND402301AAA,2,low,10.804201293103446,0.0,33.5672
IND403002AAA,1,low,9.113663636363638,3.6211,15.5339
IND403401AAA,1,low,15.233144444444443,0.0,44.2372
IND403507AAA,1,low,9.086766666666668,0.0,15.6197
IND403507AAB,1,low,10.643557142857144,0.4688,16.0224
IND403601AAA,1,low,9.055754545454546,1.2661,20.4923
IND403702AAA,3,medium,25.157223076923074,3.4368000000000003,37.2438
IND403726AAA,9,medium,29.84028425584256,0.0,127.6412
IND403726AAB,5,medium,10.564156097560975,0.0,44.2372
IND410206AAA,2,low,9.33490875,0.0,19.0206
IND410206AAB,1,low,10.5227,0.0,23.7069
IND410209AAA,1,low,9.764032499999999,0.0,23.5744
IND410210AAA,1,low,9.368436,0.0,20.8032
IND410401AAA,1,low,24.538706493506492,1.4593,86.74380000000001
IND410501AAF,2,low,9.608994444444445,0.0,14.7572
IND410503AAA,2,low,11.50895238095238,1.0584,58.2686
IND410505AAB,3,medium,9.476383333333333,0.0,14.7572
IND411014AAA,3,medium,9.468523267326733,0.0,31.4847
IND411017AAA,1,low,9.300601428571428,0.0,15.8774
IND411021AAA,1,low,6.448486923076923,0.0,13.8778
IND411033AAA,29,high,26.45739629963899,0.0,253.2989
IND411033AAB,1,low,10.19025,7.799300000000001,12.5812
IND411036AAA,1,low,9.085554639175259,0.0,31.8629
IND411043AAA,1,low,8.34495,0.9058,16.624599999999997
IND411048AAA,1,low,7.83201875,0.0,16.3611
IND411057AAF,1,low,10.19025,7.799300000000001,12.5812
IND412105AAC,1,low,9.300601428571428,0.0,15.8774
IND412210AAC,2,low,24.570700000000002,0.0,35.0262
IND412803AAB,2,low,19.85640625,9.7048,28.033
IND413002AAA,6,medium,24.923817183348095,0.0,227.9952
IND413304AAA,3,medium,9.600396894409938,0.0,20.6708
IND413307AAB,2,low,9.497084615384615,0.3948,15.3509
IND413307AAC,1,low,10.65958947368421,0.0,20.9262
IND413401AAA,2,low,25.71464672489083,9.7742,90.7118
IND413501AAA,3,medium,21.84150232558139,2.8521,78.3317
IND413517AAA,3,medium,10.59792033898305,0.0,33.3281
IND413531AAA,2,low,10.94591081081081,0.0,51.8962
IND413709AAA,5,medium,10.619867407407407,0.0,27.6906
IND414001AAA,3,medium,23.87381379310345,10.4518,33.4421
IND414203AAB,2,low,22.74695714285715,12.4846,27.9007
IND414302AAB,4,medium,25.79408,14.5091,34.7781
IND414502AAA,2,low,20.14665483870968,0.0,27.4787
IND415003AAA,3,medium,21.31900985915493,4.1116,31.3035
IND415124AAA,2,low,21.584295238095244,0.0,90.2316
IND415301AAB,2,low,9.759252,0.0,15.3509
IND415408AAC,2,low,32.51553555555555,2.3603,55.4279
IND415409AAB,2,low,17.5850625,3.9022,29.7686
IND415605AAA,2,low,21.371958695652175,0.0,90.2316
IND415612AAA,2,low,28.070471604938266,2.3603,64.8066
IND415709AAA,3,medium,23.781848648648648,0.8715,53.7693
IND416012AAA,10,medium,26.837829248197735,0.0,249.4472
IND416122AAA,2,low,27.634693333333338,7.6668,49.431
IND416404AAA,3,medium,32.2665,2.8438000000000003,138.423
IND416510AAA,3,medium,13.908249655172412,0.0,42.5541
IND416602AAC,2,low,30.605138297872344,2.7705,102.3153
IND416606AAA,1,low,11.022920338983052,0.0,38.9775
IND421004AAA,1,low,7.256366037735849,0.0,16.9163
IND421301AAA,1,low,6.541034920634922,0.0,13.4849
IND421302AAF,1,low,12.350646153846155,11.3697,20.5132
IND421302AAG,37,hub,25.881471131687242,0.0,1367.5928
IND421302AAH,2,low,11.061036170212768,0.0,20.789
IND421302AAN,1,low,9.440495833333332,0.0,17.677
IND421302AAR,6,medium,8.638858301158303,0.0,23.9798
IND421302AAS,1,low,9.729866666666666,3.5533,13.8487
IND421401AAC,2,low,9.387768421052632,0.0,24.482
IND421502AAA,1,low,10.005575757575759,3.4891,22.3621
IND421601AAB,2,low,10.209467045454545,0.0,43.8382
IND421802AAA,2,low,20.377746666666667,0.0,36.2931
IND422011AAD,5,medium,19.28194361702128,0.0,137.0499
IND422103AAC,3,medium,12.663069767441861,0.0,44.0318
IND422605AAA,3,medium,8.816915094339622,0.0,35.2663
IND423105AAA,3,medium,18.150670588235297,0.0,47.7911
IND423106AAA,2,low,19.6286,3.6962,30.4261
IND423109AAA,5,medium,12.1995,0.0,53.5174
IND423301AAB,1,low,17.059192857142857,8.4255,24.9746
IND423601AAA,4,medium,8.62965,0.0,20.937
IND423701AAB,4,medium,11.961093965517243,0.6911,108.5704
IND424006AAA,12,high,22.474147602739723,0.0,109.1615
IND424101AAA,2,low,9.826412962962964,5.499899999999999,18.8868
IND424201AAA,2,low,26.589440000000003,0.0,85.721
IND424304AAC,3,medium,24.020902040816328,4.3305,58.7633
IND425109AAA,2,low,10.123637500000001,0.0,23.9864
IND425201AAA,2,low,9.315096825396825,0.0,13.9073
IND425401AAA,2,low,8.339655555555556,1.5492,11.9436
IND425405AAA,3,medium,35.82465588235294,9.4538,65.98960000000001
IND425406AAA,3,medium,22.15699722222222,0.0,50.8486
IND425409AAA,5,medium,24.021985714285712,0.0,94.5602
IND425412AAA,4,medium,23.958017910447765,2.1107,109.1615
IND425508AAB,3,medium,9.22450625,0.0,12.9693
IND431001AAA,1,low,7.789294871794873,2.1276,14.6698
IND431001AAB,1,low,7.7151444444444435,0.0,14.6856
IND431103AAA,1,low,10.425866666666668,5.499899999999999,16.997700000000002
IND431107AAB,2,low,21.812386363636367,0.0,32.4933
IND431112AAB,2,low,10.104990963855423,0.0,69.29780000000001
IND431122AAA,2,low,24.610522033898302,4.5044,37.6377
IND431127AAA,2,low,18.537940000000003,4.5044,25.569
IND431131AAB,1,low,11.192164285714286,1.8808,25.9316
IND431136AAC,7,medium,17.33189636963696,0.0,69.29780000000001
IND431203AAA,2,low,9.907562121212122,0.8666,68.9827
IND431401AAA,1,low,16.37028,3.4092,28.3203
IND431514AAA,2,low,18.013746875000002,1.6471,29.2952
IND431515AAA,2,low,17.24124130434783,1.6471,29.2952
IND431517AAB,2,low,27.8292469879518,0.0,152.485
IND431603AAA,7,medium,23.48803624338624,0.0,210.5617
IND431708AAA,2,low,18.53373064516129,0.0,33.043
IND431717AAA,2,low,12.989638095238096,1.1950999999999998,76.2414
IND440014AAA,1,low,15.211866666666666,13.1835,16.9524
IND441107AAB,1,low,10.406409999999997,0.0,19.6833
IND441206AAB,2,low,11.182382000000002,1.8865,21.0275
IND441603AAA,2,low,10.306090909090909,0.0,16.5974
IND441614AAA,1,low,19.303272222222223,9.3744,30.122
IND441904AAB,1,low,10.525572222222223,7.405,12.3727
IND441912AAA,2,low,10.435792465753423,0.0,19.6833
IND442001AAA,1,low,17.82036,17.1115,18.2131
IND442101AAB,2,low,17.832465000000003,1.0224,27.6157
IND442605AAA,2,low,10.908735185185186,0.0,21.0275
IND443201AAA,2,low,22.584560000000003,17.3096,26.768
IND443301AAA,2,low,26.945616666666666,4.519100000000001,49.6673
IND444005AAB,5,medium,27.110113375130616,1.6607,76.9527
IND444203AAA,3,medium,26.345026666666666,16.7868,52.1114
IND444303AAA,2,low,25.520220000000002,0.0,64.0831
IND444602AAA,1,low,24.182724999999998,17.1905,27.471400000000003
IND445001AAB,1,low,17.83419428571429,1.0224,27.6157
IND445101AAA,1,low,15.211866666666666,13.1835,16.9524
IND450331AAA,2,low,9.162711042944787,0.0,14.1689
IND451666AAA,2,low,24.010911267605636,9.3913,50.777800000000006
IND452001AAC,4,medium,9.440875,0.0,14.1689
IND454001AAA,1,low,27.430972058823528,4.7315,82.884
IND457001AAA,3,medium,27.50804632352941,4.7315,82.884
IND457226AAA,2,low,31.226361666666666,0.0,73.838
IND457661AAA,1,low,21.984072727272725,13.6446,31.6858
IND458001AAB,2,low,16.23026086956522,4.3388,28.388900000000003
IND458664AAA,2,low,31.725538461538466,0.8937,113.4815
IND458990AAA,2,low,18.54528653846154,5.678,31.6505
IND460001AAA,2,low,26.838669512195118,4.9878,108.0087
IND461001AAA,2,low,23.77483125,16.5682,30.8407
IND461111AAA,2,low,21.520030864197533,7.084899999999999,33.254
IND462001AAA,2,low,7.684978125,0.0,15.2894
IND462011AAA,1,low,7.646950724637681,0.0,18.1255
IND462021AAA,1,low,5.8512,0.0,11.7024
IND462022AAA,18,high,29.282864862681745,0.0,1394.5913999999998
IND462042AAA,1,low,9.796465789473684,0.0,20.8394
IND464001AAA,1,low,45.6751,16.841900000000003,74.5083
IND464221AAA,2,low,39.86074285714285,0.655,109.7829
IND464668AAA,2,low,30.462141379310346,10.1445,61.5999
IND465001AAA,4,medium,27.5434375,8.1607,71.9516
IND465333A1B,3,medium,39.208444444444446,0.0,71.9516
IND465333AAA,3,medium,33.01997,0.0,64.0442
IND465669AAB,2,low,23.015173770491803,0.0,50.2456
IND465683AAA,2,low,18.895667213114752,0.0,39.0004
IND466001AAA,2,low,20.28702361111111,0.0,46.3003
IND466116AAA,2,low,26.710482432432435,0.0,103.7059
IND470004AAA,5,medium,27.677815151515155,0.655,109.7829
IND470113AAA,4,medium,32.72136896551724,8.0591,111.3395
IND470117AAA,3,medium,39.464520689655174,10.6636,113.2018
IND470227AAB,2,low,43.47177241379311,13.9442,113.2018
IND471001AAA,3,medium,22.00753365384616,1.9003,38.642300000000006
IND472001AAA,4,medium,25.95886036036036,0.0,90.0398
IND473001AAA,2,low,18.990726190476188,0.0,36.6272
IND473226AAA,3,medium,28.55282777777778,0.0,249.5446
IND473331AAA,2,low,31.27925438596491,6.133100000000001,78.3917
IND473443AAA,2,low,35.102241666666664,12.2296,66.62360000000001
IND473551AAA,1,low,23.53684,17.670900000000003,27.1657
IND474003AAA,12,high,32.37088867924528,0.0,305.7046
IND475661AAB,1,low,27.170775000000003,25.5089,29.5558
IND476001AAA,2,low,17.6111,9.7772,27.8087
IND476111AAA,4,medium,22.81425306122449,0.0,67.81989999999999
IND477001AAA,2,low,21.00066818181818,0.0,41.2059
IND477001AAB,2,low,27.90369142857143,0.0,79.2897
IND480001AAA,3,medium,26.79563,0.0,108.0585
IND480106AAA,1,low,19.49613809523809,8.7403,30.2927
IND480334AAA,2,low,27.76542380952381,4.9878,108.0087
IND480661AAA,4,medium,24.5774265060241,1.1194000000000002,122.9806
IND480886AAA,3,medium,27.011035384615386,0.0,108.0585
IND481001AAA,1,low,19.303272222222223,9.3744,30.122
IND481661AAA,3,medium,36.13238533333334,1.1194000000000002,139.4525
IND482002AAA,1,low,9.6449875,0.5003,13.006200000000002
IND483225AAA,2,low,19.806316666666664,0.0,48.2895
IND483501AAA,3,medium,21.05258392857143,0.0,57.823800000000006
IND483770AAA,2,low,22.220952631578946,0.0,40.0054
IND484001AAA,4,medium,26.886437931034482,8.1614,49.5271
IND484224AAA,2,low,30.05737142857143,16.5935,49.5271
IND484446AAA,3,medium,31.255241666666667,11.1104,61.339400000000005
IND484551AAA,2,low,16.971575,6.4656,29.2947
IND484661AAE,3,medium,24.69508888888889,6.4656,47.733
IND485001AAC,7,medium,26.11017299703264,1.4290999999999998,62.4516
IND485771AAA,3,medium,24.119246153846156,3.8607,43.3839
IND486001AAA,3,medium,28.41696153846154,16.9626,48.1951
IND486661AAA,2,low,55.63688148148149,23.5683,195.7311
IND486771AAA,4,medium,30.627992500000005,3.8607,54.671
IND486886AAA,2,low,23.87552857142857,19.5972,24.9912
IND486889AAA,3,medium,30.30701428571428,0.0,57.0841
IND487001AAA,2,low,25.66194375,17.484299999999998,40.2295
IND487001AAB,2,low,25.678560714285716,11.5483,36.0021
IND487551AAA,3,medium,28.20739729729729,16.2261,41.9035
IND488001AAA,2,low,20.714116666666666,4.6306,26.9262
IND490023AAA,1,low,86.438,86.438,86.438
IND491001AAA,1,low,26.512760000000004,12.3951,37.7741
IND491995AAB,1,low,16.678681355932202,0.0,41.4168
IND492001AAB,1,low,11.9127,10.8305,14.6742
IND492007AAA,1,low,11.9127,10.8305,14.6742
IND493118AAC,1,low,9.838005,0.0,17.4043
IND493445AAB,2,low,31.44432985074627,1.6061,86.438
IND494334AAB,2,low,30.322477464788726,1.6061,68.1461
IND495004AAA,1,low,20.522133333333333,2.8213000000000004,32.6469
IND495334AAB,2,low,13.229600840336133,0.0,41.4168
IND495671AAA,1,low,20.522133333333333,2.8213000000000004,32.6469
IND495677AAA,1,low,38.965525925925924,23.1295,82.3337
IND496001AAA,1,low,38.965525925925924,23.1295,82.3337
IND500008AAC,2,low,13.205732307692307,1.775,27.3414
IND500008AAD,1,low,13.028933333333335,11.3138,19.8065
IND500008AAF,1,low,9.572865789473683,4.1932,14.572299999999998
IND500010AAA,3,medium,13.303880373831774,0.0,44.5034
IND500010AAB,1,low,16.26939025157233,1.2187,47.3804
IND500018AAA,1,low,9.848799999999999,0.0,15.9179
IND500032AAA,1,low,9.817725000000001,6.2458,14.4149
IND500035AAA,1,low,8.14466,1.6017,14.5887
IND500035AAD,1,low,7.811742857142856,0.124,14.1896
IND500039AAB,1,low,6.5390250000000005,3.0453,10.1948
IND500039AAC,7,medium,15.861219730941702,0.0,76.1115
IND500039AAD,1,low,12.989561363636364,0.0,16.587799999999998
IND500050AAA,3,medium,10.654364968152867,0.0,39.3456
IND500055AAA,2,low,12.159225,9.704,15.9111
IND500055AAC,1,low,7.918064705882353,3.3331,17.425
IND500080AAB,2,low,10.502752173913043,0.0,26.1289
IND500084AAB,1,low,6.940049999999999,3.3388,10.5413
IND501101AAB,3,medium,11.08629411764706,2.766,23.5641
IND501141AAA,2,low,10.743300999999999,6.3599,21.4752
IND501218AAC,2,low,18.05647692307692,9.052700000000002,36.0721
IND501301AAC,2,low,6.9910250000000005,1.7238,13.3344
IND501359AAE,41,hub,26.919756849799576,0.0,227.9952
IND501359AAF,3,medium,9.904232934131738,0.4271,28.5627
IND501359AAG,1,low,12.34615909090909,9.458,24.279
IND501401AAC,3,medium,8.953584482758622,0.0,20.0413
IND502110AAA,2,low,19.960782894736845,3.7134,37.4992
IND502220AAC,2,low,36.46094166666666,0.0,61.3641
IND502286AAB,2,low,29.575244444444444,0.0,48.4789
IND502295AAA,2,low,9.31008947368421,0.0,14.4149
IND502313AAA,2,low,22.653958928571427,13.1053,35.365199999999994
IND503111AAC,4,medium,29.334086111111112,9.1088,61.9221
IND503122AAA,2,low,17.158484615384616,0.0,37.4992
IND503185AAA,2,low,23.804773469387758,3.8887,49.0986
IND503187AAA,2,low,15.187988461538461,0.0,32.949
IND504201AAA,3,medium,25.221837500000003,12.9421,51.389300000000006
IND504208AAB,4,medium,27.08092258064516,1.0544,42.7186
IND504215AAA,3,medium,21.65625918367347,9.4436,37.407300000000006
IND504251AAA,4,medium,22.078386666666667,8.4848,38.3192
IND504293AAA,4,medium,27.449244680851066,12.3113,53.469
IND504296AAA,4,medium,23.34126875,8.4848,35.4334
IND505001AAA,2,low,17.800234999999997,3.1316,29.042
IND505001AAB,14,high,25.153420384615384,1.0544,63.4686
IND505122AAA,3,medium,25.795816949152538,8.961,48.3566
IND505172AAA,1,low,17.0741,8.2936,25.8546
IND505184AAC,3,medium,24.734108333333335,16.9114,51.389300000000006
IND505209AAA,3,medium,20.77063571428571,6.8994,29.2765
IND505302AAB,5,medium,19.403386274509806,0.0,31.7815
IND505325AAA,2,low,19.450675,0.0,31.7815
IND505326AAA,1,low,24.6496,24.2936,25.0056
IND505326AAB,5,medium,24.56254375,0.7309,63.4686
IND505327AAA,5,medium,18.552881818181817,1.6604,27.481900000000003
IND505425AAA,5,medium,18.901888461538462,0.7309,28.7921
IND505467AAA,2,low,23.05305,15.4439,33.137800000000006
IND505503AAA,2,low,15.766240000000002,0.0,27.8003
IND506001AAC,2,low,20.68002,8.961,32.9505
IND506002AAA,6,medium,22.24618495934959,3.8887,62.1997
IND506132AAA,2,low,21.295506410256408,6.9225,44.1862
IND506143AAA,2,low,15.24376779661017,0.9279,25.6553
IND506164AAA,1,low,18.443933333333334,8.913200000000002,27.8003
IND506167AAB,2,low,22.89271485148515,0.9279,108.9545
IND506169AAB,2,low,17.916366666666665,0.0,33.7726
IND506314AAA,2,low,22.302922077922076,4.9308000000000005,36.8707
IND506343AAA,2,low,22.8300625,8.783299999999999,33.7726
IND507002AAA,9,medium,23.178586379928316,1.9549,156.764
IND507111AAA,2,low,18.855246341463413,6.472,40.4029
IND507117AAB,3,medium,25.186953913043478,6.472,43.5043
IND507123AAA,2,low,22.653624324324323,11.3779,36.8707
IND507159AAA,2,low,23.571617021276595,0.0,51.3454
IND507167AAA,1,low,15.970744444444442,3.504,30.6913
IND507303AAA,3,medium,24.36215306122449,1.9549,43.5043
IND508001AAA,3,medium,23.928500000000007,6.6046000000000005,34.5107
IND508116AAA,3,medium,20.658933333333334,12.568,31.1907
IND508206AAA,3,medium,20.905616,0.0,51.3454
IND508207AAB,4,medium,26.415502380952375,0.0,74.26480000000001
IND508213AAB,2,low,22.978452857142855,12.0043,35.4496
IND508223AAA,3,medium,22.821787951807227,0.0,76.1115
IND508248AAB,3,medium,22.005615853658533,0.0,38.0291
IND508252AAB,2,low,29.433226666666663,1.6683,74.26480000000001
IND508277AAB,2,low,22.2542325,1.6945,29.2802
IND508377AAB,2,low,26.115485263157897,0.0,155.1362
IND509001AAA,2,low,19.99746037735849,0.0,37.5237
IND509103AAB,3,medium,27.737340740740745,2.8355,101.5323
IND509103AAC,3,medium,24.691849999999995,0.0,45.444300000000005
IND509124AAA,4,medium,20.542309302325584,0.0,105.6403
IND509203AAA,2,low,16.62118947368421,0.3038,25.8237
IND509216AAC,3,medium,12.643637878787878,0.0,30.0036
IND509301AAA,3,medium,18.38059213483146,0.3038,31.5023
IND509324AAA,2,low,18.98513684210526,0.0,30.8894
IND509358AAA,3,medium,21.734824999999997,11.3852,38.0291
IND515004AAA,10,medium,24.055876903225805,0.0,60.0951
IND515134AAA,4,medium,11.840557751937986,0.0,35.649300000000004
IND515201AAA,2,low,10.460253086419751,0.6958,19.1194
IND515301AAA,2,low,9.645681081081081,5.599399999999999,13.2261
IND515401AAB,2,low,17.100626744186044,1.8164,32.091
IND515411AAA,2,low,23.89570833333333,8.3225,39.7335
IND515591AAA,3,medium,23.474524489795915,11.7847,33.4988
IND515671AAA,3,medium,19.47165272727273,5.111,32.0727
IND515761AAA,3,medium,20.030582474226808,7.7408,49.969800000000006
IND515801AAA,4,medium,21.139982905982908,2.8889,49.969800000000006
IND515865AAB,2,low,22.001649074074074,8.5722,36.588
IND516001AAA,2,low,26.984099999999998,23.4941,31.2828
IND516101AAA,2,low,9.732571717171718,0.0,68.8659
IND516115AAA,2,low,10.509366019417476,0.0,31.8071
IND516227AAA,2,low,24.927070000000004,2.6207,35.4229
IND516269AAA,2,low,22.123693258426965,0.8656,34.016400000000004
IND516360AAB,2,low,28.02656,15.1732,39.7335
IND516390AAA,2,low,23.001203361344537,0.8656,46.5228
IND517325AAA,1,low,23.32935,0.0,46.6587
IND517408AAA,1,low,23.32935,0.0,46.6587
IND517501AAB,4,medium,15.073165743944637,0.9855,32.0903
IND517583AAA,2,low,10.482525405405406,0.0,68.8659
IND517644AAA,2,low,21.12442419354839,8.5008,27.6558
IND518002AAA,12,high,26.764553575615473,0.0,105.6403
IND518102AAA,2,low,37.92738571428571,5.9912,67.534
IND518124AAA,3,medium,21.957776923076924,12.821,35.823699999999995
IND518206AAA,3,medium,23.203847368421055,7.3407,57.0206
IND518222AAA,2,low,18.468621739130437,2.1776,28.6126
IND518401AAA,2,low,16.70935,3.7215,28.2397
IND518422AAB,2,low,37.248953846153846,3.9479,65.44069999999999
IND518501AAA,2,low,23.913778571428573,14.2482,44.8909
IND520011AAA,1,low,10.87129069767442,0.6675,41.8469
IND521001AAA,3,medium,19.989079365079363,0.6321,34.2393
IND521105AAA,3,medium,23.95718,13.4965,33.6691
IND521165AAA,2,low,24.866725000000002,4.7706,62.0397
IND521185AAA,2,low,10.46960989010989,0.0,41.8469
IND521201AAA,2,low,26.194917777777775,19.945400000000003,30.5631
IND521225AAB,13,high,30.252760172299535,0.0,253.2989
IND521301AAA,2,low,21.11044605263158,0.6321,30.4313
IND521333AAA,3,medium,24.321901408450703,0.0,96.0246
IND522647AAA,2,low,23.599964999999997,13.5865,28.2979
IND523002AAA,9,medium,30.026834085778777,0.0,189.5682
IND523105AAA,3,medium,19.28757142857143,0.0,81.53869999999999
IND523201AAA,2,low,21.51500975609756,11.1103,37.6072
IND523226AAA,2,low,22.121423404255317,0.0,28.1367
IND523230AAA,2,low,21.249304999999996,0.0,35.6312
IND523316AAB,3,medium,24.23771494252874,0.0,28.1367
IND524003AAA,2,low,28.2950625748503,4.8661,83.83019999999999
IND524101AAB,2,low,22.749471739130435,9.0024,32.0903
IND524132AAA,2,low,21.097727586206897,8.5008,29.6303
IND524201AAA,2,low,24.913069,0.0,87.64710000000001
IND530012AAA,14,high,18.32635283968368,0.0,293.3271
IND530012AAC,2,low,26.05376727272727,6.5213,61.499300000000005
IND530018AAA,1,low,12.2135,12.2135,12.2135
IND530026AAA,1,low,11.02111875,4.5248,20.9084
IND530043AAA,2,low,9.735903174603177,0.0,19.529
IND531001AAA,2,low,9.197021739130435,0.0,24.7421
IND531036AAA,2,low,10.78348888888889,0.0,20.9084
IND531116AAA,2,low,9.605518965517241,0.0,25.184
IND531162AAA,2,low,8.474213333333333,1.0515,16.3183
IND531163AAA,2,low,8.263995945945947,0.0,16.0727
IND532001AAB,8,medium,12.797336474164133,0.0,117.8027
IND532127AAA,2,low,16.838139423076925,1.1801,48.4348
IND532201AAA,4,medium,15.245489610389608,0.0,33.2699
IND532222AAA,3,medium,29.92386363636364,0.81,73.405
IND532421AAA,2,low,15.507304225352108,0.0,31.4847
IND532440AAA,2,low,21.7846,4.1828,37.349
IND533003AAA,3,medium,22.30543636363636,6.086399999999999,37.1697
IND533106AAA,10,medium,25.302363100775196,1.2423,136.4208
IND533201AAA,3,medium,26.24926285714286,1.0609000000000002,136.4208
IND533242AAA,2,low,27.8293875,20.5013,40.2721
IND533262AAA,2,low,24.910161111111112,1.0609000000000002,45.5446
IND533308AAB,3,medium,26.424684615384614,1.2423,44.6061
IND533401AAA,3,medium,23.570961111111107,8.1832,44.6061
IND534001AAA,3,medium,22.918385714285712,14.8744,26.1887
IND534260AAC,1,low,22.810555555555556,10.7254,34.1716
IND535001AAA,2,low,11.670841441441445,0.4873,103.8863
IND535501AAB,3,medium,17.759524358974357,0.0,31.401
IND535558AAA,2,low,13.254748837209302,0.0,25.8767
IND535591AAA,2,low,16.621724615384615,1.1801,48.4348
IND560002AAA,3,medium,10.470699676375403,0.0,31.4661
IND560027AAA,1,low,13.909199999999998,6.1218,22.3373
IND560043AAC,5,medium,10.237953649635037,0.0,36.6833
IND560048AAB,4,medium,10.513602760736196,0.0,34.871
IND560058AAB,4,medium,9.745611022044088,0.0,31.4627
IND560058AAD,3,medium,8.446770984455958,0.0,20.586
IND560060AAB,3,medium,10.208662678062678,0.0,32.0876
IND560064AAA,1,low,6.956611842105263,0.0,14.1735
IND560064AAD,1,low,7.634303658536586,0.0,15.4103
IND560066AAB,1,low,11.4656125,8.938799999999999,16.7512
IND560067AAC,1,low,7.288793749999999,0.0,14.4921
IND560077AAA,1,low,15.566875,0.0,34.369800000000005
IND560078AAC,3,medium,11.702774216027874,4.4349,25.5304
IND560083AAB,3,medium,10.718557643312101,2.5289,42.5243
IND560085AAA,3,medium,10.585923204419888,0.0,25.8175
IND560099AAA,1,low,13.909199999999998,6.1218,22.3373
IND560099AAB,20,high,14.848868489506355,0.0,130.268
IND560099AAG,1,low,10.892,9.3301,12.4539
IND560099AAH,1,low,5.823,0.0,11.646
IND560300AAA,13,high,12.277025321888413,0.0,59.3621
IND560300AAB,5,medium,14.42066852791878,1.5691,75.0052
IND561202AAB,2,low,9.64445390625,0.0,35.649300000000004
IND561203AAB,2,low,9.375467592592592,2.4053,13.2327
IND561207AAB,3,medium,10.85887641509434,0.0,41.8453
IND562101AAA,3,medium,10.321969892473117,0.0,41.8453
IND562108AAA,2,low,10.627077049180333,0.6541,23.2441
IND562114AAA,2,low,8.065077272727272,0.0,19.8133
IND562117AAA,2,low,21.291542857142854,0.0,69.6145
IND562125AAA,2,low,9.4802,0.0,16.7946
IND562132AAA,49,hub,26.29044831856721,0.0,1394.5913999999998
IND562132AAC,1,low,29.57868461538462,17.2593,79.7122
IND562159AAA,1,low,14.07463181818182,0.0,28.9338
IND562160AAB,1,low,19.041949999999996,5.841,33.0012
IND563101AAB,4,medium,12.565330188679246,0.5702999999999999,64.603
IND563116AAA,2,low,9.32816231884058,4.1991000000000005,20.7949
IND563125AAB,4,medium,14.324375652173911,3.5971,59.3621
IND563130AAA,3,medium,10.71008125,2.3739,19.4785
IND563131AAA,2,low,10.099231666666666,1.0015,34.3852
IND563131AAB,4,medium,10.937113725490196,0.0,75.0052
IND570020AAA,7,medium,22.687061971830985,0.0,85.0601
IND571104AAA,3,medium,25.78662179487179,0.0,42.7587
IND571105AAA,2,low,21.269953846153847,1.7948,28.0406
IND571111AAB,2,low,16.907469444444445,5.7468,26.3421
IND571114AAA,3,medium,23.87624666666667,0.0,59.2321
IND571124AAA,2,low,19.998148717948716,1.7127,39.617
IND571213AAA,3,medium,24.433581632653066,0.0,85.0601
IND571301AAA,2,low,15.795569696969698,0.0,26.6545
IND571313AAB,2,low,18.352407499999998,5.7468,31.3121
IND571401AAA,2,low,16.290459459459463,0.0,33.0012
IND571426AAA,3,medium,27.65715802469136,3.7007,42.7587
IND571430AAA,3,medium,19.242936585365854,1.2773,35.9655
IND571432AAB,2,low,24.081998275862066,3.7007,38.4549
IND571438AAB,1,low,13.053411764705881,0.0,24.7471
IND571440AAA,2,low,19.361210256410256,4.7083,31.3121
IND571602AAA,1,low,21.677246428571433,1.8282,33.904300000000006
IND572101AAA,5,medium,9.883222131147543,0.6541,19.9229
IND572201AAB,4,medium,19.203747169811322,2.9294,37.9882
IND573103AAA,3,medium,24.369952173913045,2.9294,53.3972
IND573116AAA,4,medium,24.780205357142854,7.681100000000001,63.042
IND573134AAB,3,medium,21.42595714285714,0.8602000000000001,40.5869
IND573142AAA,4,medium,22.000236363636365,0.0,39.8678
IND573201AAB,7,medium,24.334883285302592,3.3143,103.9837
IND574104AAA,2,low,10.654212676056337,1.6097,28.0492
IND574117AAA,3,medium,18.172226666666667,2.3683,31.605
IND574202AAA,2,low,16.786915,0.0,28.3031
IND574211AAA,3,medium,18.483835,0.0,28.8742
IND574216AAA,4,medium,13.304132978723407,0.0,39.4126
IND574221AAA,2,low,34.50024545454545,9.5422,239.7994
IND574227AAA,2,low,9.560996,1.6097,15.8234
IND574239AAA,2,low,23.20951052631579,4.8632,36.9414
IND575004AAB,13,high,25.088907624633435,0.0,103.9837
IND575014AAA,2,low,24.75896666666667,8.0878,34.6111
IND576101AAA,3,medium,20.461827272727273,3.8999,30.2212
IND576201AAA,3,medium,21.72690588235294,2.3683,26.6555
IND577002AAA,6,medium,15.821067407407408,1.2378,69.24119999999999
IND577101AAA,4,medium,22.015105128205132,0.0,40.5869
IND577116AAA,3,medium,23.059003125,4.8796,33.1241
IND577126AAA,2,low,24.203675,2.274,57.026300000000006
IND577132AAD,2,low,17.860526470588237,0.0,38.4312
IND577201AAA,5,medium,25.599161481481477,0.0,57.026300000000006
IND577401AAA,3,medium,25.305328571428575,0.0,41.515800000000006
IND577432AAA,2,low,29.7488,27.2213,32.9665
IND577501AAA,3,medium,21.325004999999997,9.2569,29.062900000000003
IND577522AAA,2,low,21.92857090909091,0.0,35.9015
IND577535AAC,2,low,19.290468333333333,0.0,46.2821
IND577598AAB,2,low,19.442901234567906,0.0,39.8678
IND577598AAC,2,low,23.75780975609756,15.7359,31.4084
IND580002AAA,2,low,18.760576923076922,0.0,30.4431
IND580028AAA,14,high,25.60184756258235,0.0,616.7346
IND580030AAA,1,low,23.75926,8.0154,31.547
IND581110AAE,3,medium,9.292745812807881,0.0,69.24119999999999
IND581115AAC,2,low,9.287916,3.3351,32.2471
IND581119AAB,2,low,10.952644,0.0,38.7318
IND581303AAA,3,medium,26.361947887323947,1.1996,63.5104
IND581314AAA,4,medium,22.28528309859155,0.0,37.2438
IND581320AAA,3,medium,22.152483333333333,9.0313,27.9279
IND581325AAA,3,medium,34.61741219512195,0.0,83.8095
IND581334AAA,3,medium,20.14713913043478,0.0,30.3082
IND581343AAC,2,low,17.86817857142857,0.0,34.9627
IND581400AAB,3,medium,35.21724833333334,0.0,83.8095
IND581402AAA,3,medium,23.498583870967742,4.082199999999999,32.915099999999995
IND582101AAB,3,medium,21.68490543478261,6.5939,62.0637
IND582209AAA,2,low,22.948913253012048,9.9266,31.2402
IND583101AAA,4,medium,25.431136057692303,3.4724,290.1455
IND583119AAA,2,low,20.62416388888889,4.2748,29.9173
IND583121AAA,1,low,10.83695,6.7735,14.1679
IND583201AAA,4,medium,14.610790229885058,4.0916,28.3052
IND583227AAA,2,low,9.767315873015875,2.186,16.6398
IND583231AAA,2,low,9.48414,2.186,16.6398
IND584101AAA,3,medium,22.324744444444445,0.0,88.9351
IND584123AAA,2,low,9.57655,0.0,26.3858
IND584128AAA,2,low,10.47423,0.0,26.3858
IND585104AAA,6,medium,16.689157714285717,0.0,72.98519999999999
IND585211AAA,2,low,10.46489577464789,0.0,48.5494
IND585222AAA,2,low,9.543014765100672,0.0,25.1133
IND585307AAB,2,low,11.153954260089685,3.4656,72.98519999999999
IND585314AAA,2,low,11.083065,0.2057,25.2137
IND585330AAE,2,low,21.69150196078431,8.288,28.6318
IND585401AAA,2,low,25.88372209302326,8.0124,48.4789
IND586101AAA,2,low,21.964682051282054,0.0,77.5497
IND586101AAB,3,medium,20.295099999999998,1.6236,38.2753
IND586128AAA,2,low,10.752501976284584,1.7279,65.3557
IND586211AAA,2,low,11.392054296875,1.7279,47.2652
IND587103AAB,3,medium,23.281074561403504,0.0,40.3415
IND590016AAA,3,medium,20.405638554216868,2.6965,32.3308
IND591102AAA,2,low,22.4641825,3.4996,30.3555
IND591115AAB,3,medium,20.471710000000005,6.9465,26.9323
IND591123AAC,2,low,25.5390515625,0.0,135.5856
IND591126AAA,1,low,17.545275,3.4996,30.3555
IND591201AAA,3,medium,24.035443902439024,3.5515,33.772800000000004
IND591237AAB,2,low,19.906616,3.5515,26.6863
IND591302AAB,3,medium,24.883113953488376,2.6965,99.7363
IND591304AAA,3,medium,22.558626027397263,0.0,77.5497
IND591307AAC,4,medium,24.73528260869565,8.0154,65.2649
IND600004AAA,1,low,11.69026,9.542,13.2347
IND600008AAA,1,low,8.928885714285714,0.0,14.1708
IND600008AAC,4,medium,9.095157083333334,0.0,45.189800000000005
IND600013AAA,1,low,12.08535,11.6915,12.4792
IND600016AAA,1,low,12.001481250000001,2.5043,22.6823
IND600016AAB,1,low,9.742066666666664,4.1852,13.4536
IND600016AAC,2,low,11.12801612903226,2.769,37.5118
IND600032AAB,4,medium,9.617986490939044,0.0,39.1157
IND600044AAC,3,medium,10.500186637931034,0.0,18.6751
IND600044AAD,6,medium,10.796646728971963,0.0,33.595
IND600044AAE,1,low,15.629600000000002,3.931,34.965900000000005
IND600048AAA,2,low,8.448996296296297,0.0,14.162
IND600056AAA,2,low,8.01872105263158,1.1996,12.4128
IND600056AAB,23,high,23.025137678855323,0.0,2191.4037000000003
IND600056AAD,1,low,13.184675,10.1488,15.8678
IND600073AAA,1,low,7.8443,5.1244,10.5642
IND600076AAB,2,low,10.624156756756758,1.6028,45.1866
IND600083AAA,1,low,13.6142,11.2362,15.9922
IND600110AAA,2,low,13.040889102564103,7.170100000000001,21.1868
IND600116AAB,5,medium,9.451255639097747,0.0,16.644
IND600119AAA,2,low,12.536669642857143,2.5043,24.8912
IND602001AAA,2,low,8.505170000000001,1.8705,12.2545
IND602001AAB,1,low,18.09338181818182,7.9926,25.9791
IND602024AAA,2,low,9.268995652173913,2.571,16.644
IND602105AAB,1,low,7.95752857142857,4.937600000000001,10.9952
IND603001AAA,2,low,10.414509278350515,5.4498,36.7517
IND603102AAA,2,low,23.721656521739128,0.0,51.8052
IND603203AAA,3,medium,9.820647058823528,0.0,14.162
IND603301AAA,2,low,10.09814596273292,4.4559,36.7517
IND604303AAA,2,low,18.357189473684212,0.0,29.801
IND605010AAB,4,medium,24.886336363636364,0.0157,42.557300000000005
IND605601AAA,4,medium,18.395624451410658,0.0,58.3839
IND606003AAA,2,low,9.542486486486489,0.0,33.3271
IND606105AAA,2,low,11.109003921568629,1.208,72.5631
IND606201AAC,2,low,13.220415454545455,0.0,72.5631
IND606801AAB,2,low,19.14329344262295,0.0,43.4079
IND606803AAA,2,low,15.097431578947369,0.0,25.7705
IND607001AAA,2,low,21.93180294117647,13.1572,28.1426
IND607106AAA,2,low,9.401942424242424,0.0,18.2206
IND607801AAA,2,low,9.651827631578948,0.0,33.3271
IND608001AAA,2,low,20.251175862068965,13.1572,28.1426
IND608301AAA,2,low,24.88177075471698,18.0822,31.4462
IND609001AAA,2,low,22.660687931034484,7.9926,45.1542
IND609110AAA,2,low,21.01421304347826,11.8917,30.2592
IND609602AAA,2,low,21.37957407407407,11.8917,30.2592
IND610001AAA,4,medium,17.493668780487805,0.0,47.0257
IND611001AAA,2,low,21.023930434782613,0.0,24.3439
IND613104AAA,1,low,22.63631666666667,0.0,43.1848
IND614018AAA,2,low,24.172045454545454,0.0,45.1542
IND614602AAA,1,low,22.698774999999998,21.9217,23.6799
IND614616AAA,2,low,15.637496774193549,0.0,34.0463
IND614620AAA,2,low,10.187351612903228,0.6727000000000001,39.7202
IND614715AAA,2,low,14.178657843137252,0.2522,42.0769
IND614804AAA,2,low,16.7061847826087,0.9854,24.4385
IND614809AAA,2,low,17.855677443609025,0.0,47.0257
IND620012AAA,2,low,30.762366666666665,22.6467,37.1781
IND620020AAA,1,low,8.032431999999998,4.2348,11.2968
IND621010AAA,2,low,17.815133333333335,0.0,28.9939
IND621112AAA,2,low,8.318986274509802,4.2348,22.6467
IND621211AAA,1,low,16.193995454545455,0.0,24.5315
IND621212AAA,3,medium,17.847382857142858,0.0,41.2375
IND621306AAA,1,low,22.713925641025643,1.0049,29.583
IND621704AAA,2,low,18.768457575757576,0.0,33.6761
IND621802AAA,3,medium,22.727440000000005,10.5582,41.2375
IND622001AAA,1,low,17.647692857142857,7.941899999999999,29.1025
IND622407AAA,2,low,21.35948392857143,7.941899999999999,36.6042
IND623315AAB,2,low,8.874001111111111,2.2922,13.4623
IND623407AAA,2,low,9.258310476190477,5.396,11.8409
IND623503AAA,2,low,18.943880000000004,4.8019,27.2888
IND623526AAA,2,low,22.110950943396226,4.8019,34.8239
IND623701AAA,2,low,20.901408333333332,12.4229,28.8736
IND623704AAA,2,low,24.300971739130432,9.579,36.0803
IND624001AAA,5,medium,21.935919512195124,0.0,51.843900000000005
IND624101AAA,2,low,29.902902040816326,0.0,60.4318
IND624202AAA,2,low,20.991975,0.0,47.904900000000005
IND624601AAA,3,medium,24.936111538461542,0.0,60.4318
IND624619AAA,3,medium,16.39943846153846,1.2811,26.4489
IND624703AAA,3,medium,23.67486,3.5628,38.331300000000006
IND625008AAA,7,medium,22.711340909090914,0.0,52.5155
IND625106AAA,2,low,22.45177846153846,1.0049,33.7815
IND625218AAA,2,low,16.449841666666668,0.0,38.331300000000006
IND625516AAA,3,medium,25.246619999999997,13.259799999999998,34.0787
IND625531AAA,2,low,20.67368076923077,0.0,42.1566
IND625532AAA,2,low,22.5546375,0.0,43.1606
IND626117AAA,2,low,16.742306976744185,5.4912,25.9589
IND626123AAA,2,low,24.708223529411764,6.1694,38.5778
IND626138AAA,2,low,18.00344385964912,1.9168,32.7474
IND626607AAB,2,low,23.360896666666665,0.0,36.0803
IND627005AAA,7,medium,18.661216104868917,0.0,43.5923
IND627117AAA,2,low,20.260170212765956,0.0,33.127300000000005
IND627401AAA,2,low,18.29574130434783,3.0949,29.4615
IND627657AAA,2,low,10.23445350877193,0.4301999999999999,17.553900000000002
IND627756AAA,2,low,23.450042647058826,5.4912,38.5778
IND627811AAA,2,low,17.758828,3.0949,29.4615
IND628204AAA,2,low,9.952276470588238,5.5729,14.7256
IND628613AAA,2,low,14.025754545454546,0.4301999999999999,39.2936
IND628801AAA,2,low,12.16915462184874,5.5729,43.5923
IND629001AAA,2,low,18.324565384615386,6.1808000000000005,28.8891
IND629179AAA,1,low,27.40965681818182,0.0,41.9504
IND630002AAA,2,low,21.10360666666667,0.0,36.6042
IND630561AAA,3,medium,10.716548347107437,0.6727000000000001,39.7202
IND631003AAA,2,low,10.620859701492536,0.6353,17.5777
IND631102AAA,2,low,19.2827275862069,0.0,46.0449
IND631501AAA,2,low,11.28942142857143,7.6908,63.2226
IND632006AAA,7,medium,25.752628671328672,0.0,58.317
IND632301AAA,2,low,18.558795652173913,0.0,27.7757
IND632402AAA,2,low,16.119703333333334,0.0,26.7871
IND635001AAA,3,medium,21.66238771929825,0.0,41.8482
IND635207AAA,2,low,9.47227,4.6099,14.1517
IND635601AAB,2,low,9.428503921568627,1.2058,17.1301
IND635802AAB,5,medium,16.64006936416185,1.1475,66.1627
IND636005AAA,2,low,12.557579999999998,9.7974,16.8283
IND636005AAC,1,low,15.441,15.441,15.441
IND636016AAA,3,medium,10.467250588235295,2.2014,52.767300000000006
IND636102AAA,1,low,29.74605818181818,14.8365,43.225
IND636352AAA,1,low,28.05092,26.253,30.1598
IND636402AAA,2,low,9.998802941176471,0.0,52.767300000000006
IND636705AAB,3,medium,23.371311290322577,0.0,42.904900000000005
IND637001AAA,1,low,17.132179999999998,0.0,34.447
IND637211AAA,2,low,9.606909356725147,0.0,19.890400000000003
IND637301AAA,1,low,21.7295,21.0327,22.9103
IND637408AAA,1,low,17.132179999999998,0.0,34.447
IND638001AAA,2,low,21.07227692307692,18.6364,22.9103
IND638052AAA,1,low,18.881533333333334,18.6364,19.3321
IND638401AAA,2,low,10.434453608247424,0.0,28.3888
IND638452AAA,2,low,9.88950487804878,0.0,24.9977
IND638501AAB,2,low,13.06640210526316,2.2821,80.4602
IND638657AAA,2,low,8.215909489051095,0.0,19.6893
IND638701AAA,2,low,8.260730701754387,0.0,19.6893
IND639001AAA,1,low,25.204455555555555,15.852,39.0001
IND639104AAB,2,low,25.14838979591837,18.0822,37.1781
IND641001AAA,2,low,9.44735,0.0,19.0108
IND641006AAD,1,low,8.861506666666665,2.4209,15.2609
IND641008AAA,3,medium,7.9251499999999995,0.0,16.3367
IND641011AAA,2,low,9.566072727272726,0.0,27.6028
IND641062AAD,12,high,12.12690998415214,0.0,134.9326
IND641607AAA,4,medium,13.219258741258743,0.0,32.5549
IND641654AAA,2,low,10.227514545454545,0.0,19.2597
IND641664AAA,3,medium,9.120253846153846,0.0,19.2597
IND642001AAA,2,low,9.172718079096045,0.3661999999999999,15.3933
IND642126AAA,2,low,9.372945989304814,0.3661999999999999,22.2025
IND643001AAA,2,low,27.14489736842105,8.323799999999999,60.8449
IND643212AAA,2,low,18.222276923076926,8.323799999999999,134.9326
IND643217AAA,3,medium,22.923596000000003,0.0,60.8449
IND643231AAA,2,low,12.720835922330096,0.0,73.0107
IND670643AAA,2,low,10.50129746835443,2.5442,15.709
IND670645AAB,2,low,10.871255102040816,0.0,35.517900000000004
IND671315AAA,1,low,80.5539,80.5502,80.55760000000001
IND671323AAD,2,low,20.476639999999996,3.4871,25.8732
IND673027AAB,3,medium,10.924222222222221,0.6857000000000001,26.2552
IND673104AAA,4,medium,7.924357471264366,0.0,14.5381
IND673121AAA,2,low,9.693736956521738,3.0167,16.2655
IND673305AAA,3,medium,8.483403174603174,0.0,37.8168
IND673506AAA,2,low,9.196677941176471,1.8601,14.9732
IND673573AAA,1,low,29.75860833333333,27.6335,31.824
IND673592AAA,4,medium,23.305147894736837,0.0,54.991800000000005
IND673632AAA,6,medium,16.604885344827586,2.5442,42.7175
IND673639AAA,2,low,10.68509090909091,0.0,20.9855
IND676306AAA,2,low,9.51704347826087,1.4295,15.1043
IND676509AAA,3,medium,10.037547826086957,1.4295,15.1043
IND678583AAA,1,low,11.155833333333334,9.798,12.6803
IND678683AAA,2,low,16.647066037735847,3.5666,33.1179
IND679303AAA,2,low,10.747920481927709,1.9067,18.2954
IND679322AAA,2,low,11.274439999999998,4.806,20.9855
IND679329AAA,1,low,9.607542857142858,0.0,13.6877
IND679531AAA,2,low,9.348875862068965,1.9067,13.5807
IND679576AAA,1,low,25.219490476190476,0.3095,32.5212
IND680012AAA,2,low,12.145081818181819,7.268800000000001,19.562900000000003
IND68004AAA,3,medium,14.958388356164384,0.0,33.1179
IND680104AAA,2,low,25.678166666666662,0.3095,32.7524
IND680307AAA,3,medium,8.690021276595747,0.5925,13.9737
IND680587AAA,3,medium,11.527414285714288,1.0380999999999998,31.5715
IND680712AAA,2,low,10.279480000000001,2.5101,16.8712
IND683511AAA,17,high,24.322797696335076,0.0,147.6106
IND683511AAB,1,low,31.56474375,20.422400000000003,72.0956
IND683565AAA,2,low,8.182302564102566,0.0,19.1988
IND683572AAA,1,low,7.6475681818181815,1.808,11.9223
IND685514AAA,3,medium,29.263203278688525,10.1269,52.5155
IND686028AAB,5,medium,16.177702586206895,3.2646,47.867
IND686141AAA,1,low,21.8507,21.8507,21.8507
IND686507AAA,2,low,7.3276593750000005,0.0,14.7461
IND686513AAA,2,low,9.791935185185185,0.0,15.1349
IND686540AAA,3,medium,12.906236666666668,8.4601,15.1349
IND686632AAA,2,low,21.5553,21.2599,21.8507
IND688009AAA,2,low,13.44872808988764,3.1234,47.867
IND688524AAA,1,low,18.063866666666666,4.3302,25.4633
IND689101AAA,3,medium,9.366727941176471,0.0,26.9434
IND689503AAB,2,low,26.556033333333332,15.4293,31.1793
IND689645AAA,2,low,12.529456000000001,3.9636,26.5814
IND689650AAA,2,low,9.900386956521741,1.3999,15.231
IND690537AAA,1,low,28.2977,28.2977,28.2977
IND690548AAA,3,medium,9.609188235294118,0.0,15.231
IND690573AAA,1,low,15.21725,0.0,30.4345
IND691001AAB,5,medium,15.528118333333333,0.0,41.4886
IND691305AAA,3,medium,9.43105393258427,0.0,25.3389
IND691506AAA,2,low,8.242085436893202,0.0,12.1084
IND691551AAA,3,medium,13.613501869158881,4.5682,41.4886
IND691574AAA,3,medium,9.071736470588235,2.8193,16.5867
IND695012AAA,5,medium,17.94516885245902,0.0,39.4352
IND695012AAB,1,low,14.072233333333335,12.3607,16.0204
IND695101AAB,3,medium,9.00155,0.0,28.0623
IND695121AAA,3,medium,7.9732363636363655,0.0,13.5166
IND695541AAA,3,medium,9.90050625,2.4611,16.2759
IND695572AAB,3,medium,8.163430303030305,0.0,16.2759
IND695582AAA,2,low,9.739159523809523,5.7319,13.7907
IND695609AAA,2,low,9.83416,0.0,15.3385
IND695614AAA,2,low,10.359377083333333,0.0,16.5867
IND700026AAC,2,low,11.74199223300971,0.0,34.2667
IND700028AAB,2,low,10.419346376811596,2.7137,23.412
IND700053AAA,6,medium,12.564457352941176,0.0,55.1683
IND700065AAA,2,low,11.578637500000001,0.0,22.0947
IND700065AAB,1,low,11.380576666666665,8.1442,21.4265
IND700088AAA,1,low,11.036799090909089,0.0,31.4583
IND700136AAB,2,low,12.44546,5.016100000000001,16.7233
IND700136AAG,1,low,10.899354,0.0,23.4068
IND700144AAA,2,low,26.12805555555555,21.7995,29.7566
IND711303AAA,2,low,15.105766935483869,4.638199999999999,43.8435
IND711409AAA,1,low,9.7895,0.0,19.579
IND712103AAA,2,low,8.830556153846153,0.0,17.754900000000003
IND712124AAA,2,low,8.040912068965518,0.0,19.8197
IND712310AAA,2,low,11.0798125,0.0,23.4068
IND712310AAE,7,medium,11.55719813084112,0.0,51.256800000000005
IND712311AAA,34,hub,29.166936487206826,0.0,428.2195
IND712406AAA,3,medium,21.03772352941176,0.0,39.0841
IND712410AAC,2,low,22.38626206896552,0.0,48.2193
IND712602AAA,3,medium,21.9149,0.0,61.4109
IND712612AAA,2,low,21.3539,4.456899999999999,39.0841
IND713103AAA,2,low,21.38067777777778,0.0,50.29
IND713128AAB,3,medium,21.521790566037737,3.2846,37.018
IND713130AAA,4,medium,17.447869696969697,0.0,69.1573
IND713145AAB,3,medium,25.568423529411767,0.0,36.5048
IND713148AAA,2,low,20.647394594594594,4.2045,36.6554
IND713205AAB,14,high,21.288138461538463,0.0,148.63060000000002
IND713303AAA,2,low,20.129075,12.1983,24.3973
IND713364AAB,2,low,45.96985172413793,9.6537,210.058
IND721102AAA,2,low,68.834016,0.0,125.5526
IND721133AAA,2,low,25.15003333333333,18.3573,29.5002
IND721134AAB,3,medium,17.126905714285712,2.1988000000000003,51.256800000000005
IND721139AAC,3,medium,12.925897260273972,0.0,38.2605
IND721212AAA,1,low,13.47095625,5.6611,31.0936
IND721253AAC,2,low,23.156377192982454,0.0,53.4869
IND721306AAA,7,medium,25.118949659863944,1.8677,83.9098
IND721401AAA,2,low,23.534400000000005,5.1813,40.1246
IND721434AAB,2,low,26.3472375,23.5505,29.5002
IND721501AAC,2,low,29.752170370370372,0.0,53.4869
IND721507AAA,1,low,25.288923076923076,19.203,30.1246
IND721602AAB,2,low,14.676423404255315,0.0,38.2605
IND721636AAB,2,low,16.704008333333334,0.0,35.8748
IND722101AAA,2,low,9.454156756756758,0.0,34.3239
IND722101AAB,1,low,12.854075000000002,0.0,40.7109
IND722101AAC,2,low,9.738272499999999,0.0,20.8963
IND722122AAA,2,low,12.471975609756097,0.0,34.3239
IND722140AAA,3,medium,29.089422580645163,0.0,77.2476
IND722143AAB,2,low,24.931316666666667,5.7852,33.2705
IND722151AAA,2,low,40.299546428571425,0.0,94.4702
IND722154AAA,3,medium,20.476466666666667,0.0,62.7272
IND722202AAA,2,low,8.61,0.0,18.7441
IND723101AAA,2,low,19.07321551724138,0.0,46.6233
IND723130AAA,6,medium,24.20226976744186,0.0,94.4702
IND723131AAA,2,low,26.574313043478256,0.0,35.445
IND723133AAA,3,medium,19.056685714285713,0.0,54.6237
IND723202AAA,2,low,24.58418095238095,0.0,46.871
IND731204AAB,2,low,22.235723076923076,18.6513,26.4066
IND731224AAA,2,low,9.386025641025642,2.0285,15.7652
IND731237AAB,3,medium,9.934119658119656,1.5344,19.5745
IND731301AAA,3,medium,24.844486486486485,0.0,76.851
IND732103AAA,3,medium,23.260677777777776,11.5861,28.2182
IND732103AAB,7,medium,14.99206357142857,0.0,52.522400000000005
IND732123AAC,3,medium,17.73753333333333,1.2089,48.8426
IND732138AAA,4,medium,16.404144444444448,1.6869,50.2432
IND732139AAA,3,medium,21.55175909090909,0.8209,51.2105
IND732202AAA,2,low,8.976097826086956,1.7215,11.9751
IND732204AAB,3,medium,17.6902325,0.8209,51.2105
IND733102AAA,3,medium,12.974607692307691,0.0,50.2432
IND733124AAA,1,low,12.15468,7.8374,28.0738
IND733128AAA,3,medium,10.366469491525423,2.9401,27.5201
IND733129AAA,2,low,10.170717948717948,0.0,25.7132
IND733129AAB,3,medium,9.386546875,0.0,27.5201
IND733134AAA,2,low,8.502374999999999,0.0,12.5001
IND733140AAA,3,medium,10.965234210526315,0.0,33.0799
IND733201AAA,1,low,23.084733333333332,9.4649,34.7016
IND733202AAB,2,low,24.9693,9.4649,34.7016
IND733202AAC,1,low,25.6387,25.6387,25.6387
IND733210AAA,2,low,28.130850000000002,25.6387,30.623
IND734203AAA,1,low,27.9396,27.8364,28.1161
IND734214AAB,1,low,41.025933333333334,39.679,42.9291
IND735224AAA,1,low,19.559858333333334,0.9778,30.8924
IND736101AAA,1,low,22.503983333333334,20.7447,23.5643
IND736135AAA,3,medium,24.500934375,2.0492,52.2714
IND736146AAA,2,low,23.15097,0.9778,52.2714
IND736165AAA,1,low,19.240379999999995,9.3797,28.5475
IND741101AAB,2,low,18.170266666666667,12.5174,25.22
IND741121AAA,1,low,20.7476,20.7476,20.7476
IND741123AAB,3,medium,15.214694557823128,0.0,65.21130000000001
IND741126AAB,3,medium,11.500642735042735,0.0,61.2747
IND741156AAA,3,medium,8.701054601226994,0.0,25.163
IND741165AAB,2,low,24.79743039215686,2.9886,93.6638
IND741201AAC,2,low,68.27284,20.7476,80.5026
IND741316AAA,1,low,17.324566666666666,0.0,26.9313
IND741502AAB,1,low,16.773400000000002,16.773400000000002,16.773400000000002
IND742101AAC,11,high,20.556319141914194,0.0,128.7332
IND742102AAB,9,medium,16.61065270588235,0.0,93.3934
IND742121AAA,3,medium,9.956435294117647,0.0,25.1752
IND742121AAB,4,medium,28.882984285714286,2.5588,93.6638
IND742137AAA,2,low,9.01565652173913,2.4144,14.4142
IND742147AAA,2,low,9.304205263157895,2.1192,15.7652
IND742148AAA,2,low,8.126807608695652,1.0181,12.9657
IND742149AAA,2,low,9.51354081632653,2.6177,16.3672
IND742202AAA,3,medium,24.798746153846153,0.0,53.1144
IND742223AAA,2,low,10.409961855670105,0.0,46.581300000000006
IND742225AAA,3,medium,7.227508235294115,1.0181,16.3672
IND742226AAA,3,medium,11.729661157024793,0.0,46.581300000000006
IND742303AAB,3,medium,11.459351700680273,0.5568,22.9892
IND742401AAA,3,medium,18.832923232323235,0.9018,62.8082
IND743235AAA,2,low,19.596165384615386,6.4909,26.9479
IND743270AAA,2,low,54.80648181818182,17.5227,99.4823
IND743347AAA,2,low,10.256065765765763,0.0,20.9231
IND743395AAA,2,low,30.42044545454545,21.7995,55.1683
IND743513AAA,2,low,9.97371891891892,0.0,18.9108
IND751002AAB,16,high,29.97127590783872,0.0,285.9903
IND751014AAA,1,low,5.9969222222222225,0.0,10.7466
IND751015AAA,4,medium,8.302896875,0.0,15.9932
IND751021AAA,1,low,14.1166,14.1166,14.1166
IND752030AAA,1,low,12.7568,2.3409,23.1727
IND752050AAA,4,medium,10.65789,0.0,20.1405
IND752055AAA,3,medium,10.734045454545454,5.1869,19.4503
IND752056AAA,3,medium,8.817590909090908,4.769,15.9932
IND754022AAA,3,medium,20.545761538461537,0.0,49.8868
IND754103AAA,2,low,33.244871428571436,0.0,58.6791
IND754142AAA,3,medium,18.121744444444445,0.0,38.4465
IND754160AAA,1,low,15.449,0.0,30.898
IND754202AAA,2,low,18.696424999999998,0.0,36.1261
IND754211AAA,2,low,18.526333333333334,0.0,38.4465
IND756019AAA,7,medium,22.346671428571426,0.0,53.7513
IND756029AAA,2,low,26.576666666666668,12.392,40.9101
IND756032AAA,2,low,26.721989393939396,0.4483,43.6119
IND756045AAB,2,low,21.894000000000002,18.4279,24.2013
IND756100AAC,5,medium,36.65426923076923,0.0,233.7124
IND757001AAA,3,medium,16.737204761904763,1.1693,24.5306
IND757024AAA,1,low,43.8951,34.0389,53.7513
IND757025AAA,2,low,13.673140740740742,0.0,27.0047
IND757037AAA,3,medium,39.01307662337661,0.0,138.8085
IND757041AAA,2,low,27.7017125,3.4126,44.8141
IND758001AAA,4,medium,33.197731818181815,0.0,233.7124
IND758034AAA,3,medium,40.15482371134021,0.0,222.5406
IND758035AAA,1,low,23.398008333333333,0.0,40.9521
IND759122AAC,2,low,32.861436,0.0,221.7118
IND760003AAB,3,medium,23.75503921568627,0.0,45.9227
IND761020AAA,1,low,20.2236,20.2236,20.2236
IND761200AAA,3,medium,36.38010999999999,1.8598,73.405
IND762001AAA,2,low,30.95041999999999,0.0,221.7118
IND764001AAC,3,medium,11.582345454545454,0.0,26.261
IND764020AAC,2,low,13.428505882352942,0.0,31.1433
IND764059AAA,2,low,8.445129268292682,1.8872,13.342
IND764071AAB,3,medium,20.28924,1.8872,293.3271
IND764073AAA,1,low,15.626850000000003,6.4585,47.1659
IND767001AAA,4,medium,28.064162500000002,0.6751,209.0055
IND767017AAA,3,medium,20.131427027027026,0.6751,219.4701
IND768004AAD,3,medium,22.603614285714286,6.746899999999999,31.1008
IND768028AAA,2,low,45.3871375,7.3466,209.0055
IND768028AAB,2,low,51.5119,9.1996,207.8558
IND768201AAA,1,low,16.1644,6.6102,25.7186
IND768216AAA,1,low,20.92497,0.0,37.2191
IND770001AAA,3,medium,21.13743,0.0,37.2191
IND770017AAB,1,low,21.80802222222222,15.813,29.8242
IND781001AAA,1,low,15.386810000000002,1.6219,35.4553
IND781003AAA,1,low,21.05603,2.1633,42.8492
IND781005AAA,1,low,19.304175,0.0,45.6527
IND781014AAA,2,low,9.502968421052634,0.0,16.946900000000003
IND781018AAA,1,low,34.0619,33.39,34.7338
IND781018AAB,23,high,35.31727091882247,0.0,428.2195
IND781022AAA,1,low,19.057349999999996,0.8392000000000001,41.729
IND781102AAA,2,low,15.763999999999998,0.0,39.4535
IND781124AAA,2,low,10.00316956521739,0.0,32.493
IND781335AAA,2,low,22.570178571428574,0.0,38.271800000000006
IND781354AAA,2,low,31.064355555555558,19.4503,33.713800000000006
IND783129AAA,2,low,40.51825882352941,24.4197,63.2826
IND783301AAA,3,medium,22.434923076923077,7.21,36.2231
IND783348AAA,2,low,33.052115384615384,16.122700000000002,63.2826
IND783370AAB,1,low,22.11596666666667,7.21,30.5923
IND783370AAC,2,low,22.17597142857143,5.9987,36.2231
IND784001AAA,7,medium,28.47538064516129,3.0573,50.1402
IND784101AAA,2,low,9.5192,1.1621,20.0115
IND784110AAA,3,medium,26.255135000000003,7.378100000000001,57.2834
IND784125AAA,2,low,25.63122380952381,10.369,36.9556
IND784168AAB,5,medium,26.568765116279074,0.0,99.2014
IND784176AAA,2,low,29.111651020408164,2.5077,79.0152
IND785001AAA,6,medium,22.0109685483871,3.0723000000000003,200.6993
IND785112AAC,2,low,12.85735294117647,0.0,29.6068
IND785612AAB,3,medium,26.108707894736845,1.4312,54.746300000000005
IND785621AAA,3,medium,29.25315789473684,19.9467,63.0891
IND785634AAA,2,low,15.708955555555555,0.0,29.2701
IND785675AAA,2,low,23.12568461538461,9.6818,38.3188
IND785682AAA,3,medium,17.520086013986017,0.6568999999999999,46.0816
IND785690AAB,1,low,11.864533750000001,0.6568999999999999,46.0816
IND786001AAB,12,high,14.266441341991342,0.0,71.6154
IND786125AAA,3,medium,8.395475,0.0,15.3983
IND786171AAA,2,low,13.333249090909089,0.0,71.6154
IND786181AAC,4,medium,14.528947391304348,0.0,71.57039999999999
IND786184AAA,3,medium,8.039146938775511,0.0,21.231900000000003
IND786190AAA,4,medium,10.368434177215192,0.0,23.6587
IND786602AAA,1,low,10.022520833333331,0.0,38.645300000000006
IND787001AAA,3,medium,22.555146428571437,2.4399,39.2181
IND787057AAA,2,low,23.847961764705882,2.4399,39.2181
IND787059AAB,2,low,26.696814285714286,12.0315,33.6343
IND788026AAC,7,medium,39.86270611510791,0.0,341.3966
IND788121AAA,2,low,21.13493846153846,0.9694,48.1488
IND788151AAA,3,medium,24.723485365853655,1.6002,55.9384
IND788713AAA,3,medium,23.41435,1.6002,55.9384
IND788806AAA,3,medium,21.536614285714286,17.9017,25.9829
IND790001AAB,1,low,19.237125,6.2639,34.3685
IND790114AAA,2,low,13.68765714285714,1.1621,36.582
IND791102AAA,3,medium,27.516346666666664,12.0315,37.1366
IND791109AAA,1,low,23.44545,19.2283,27.6626
IND791110AAA,1,low,24.49105,23.4504,25.5317
IND791111AAC,2,low,30.28657894736842,0.0,42.8144
IND791125AAB,1,low,27.2079375,20.0758,34.6321
IND792001AAA,3,medium,32.87480322580645,0.0,130.1522
IND792103AAB,3,medium,24.750038461538466,0.0,130.1522
IND792110AAA,2,low,14.219769999999999,0.0,62.2986
IND792120AAB,1,low,16.691914705882354,0.0,38.7625
IND792121AAB,1,low,13.255702898550723,0.0,43.4735
IND792130AAB,1,low,12.125327906976747,0.7476,39.2706
IND793001AAA,2,low,43.06607368421053,27.1368,85.14760000000001
IND793150AAA,2,low,35.449222222222225,3.38,57.6386
IND794101AAA,2,low,27.01896710526316,9.0255,49.9646
IND796009AAA,1,low,59.14212727272727,1.0446,187.8146
IND796081AAA,2,low,24.478584615384616,1.0555,48.1488
IND796321AAB,1,low,59.14212727272727,1.0446,187.8146
IND798601AAA,1,low,20.5539255319149,3.0723000000000003,200.6993
IND799008AAA,1,low,34.2649,30.4991,42.0617
IND799250AAA,2,low,31.789688888888893,20.0047,42.0617
IND801103AAA,1,low,22.86753636363636,21.4213,24.4677
IND802101AAA,3,medium,23.73900975609756,0.8446,52.8017
IND802119AAA,2,low,26.527089130434785,0.2858,50.590300000000006
IND802158AAB,3,medium,26.669102666666664,0.2858,86.5476
IND802212AAA,2,low,21.751226315789474,5.5279,39.0548
IND802213AAB,2,low,20.93059310344828,3.2614,25.234900000000003
IND802301AAA,2,low,37.7335,12.6474,87.2867
IND803101AAA,2,low,17.58267843137255,6.9752,26.4942
IND803108AAB,1,low,20.519115384615386,6.9207,35.229
IND803116AAA,2,low,21.53524,6.9207,35.229
IND803212AAB,2,low,26.156530000000004,1.6425999999999998,34.655300000000004
IND803213AAA,2,low,29.638060000000003,20.3619,34.7154
IND804401AAA,1,low,45.909780000000005,12.6474,87.2867
IND804420AAA,2,low,18.20055384615385,6.9752,26.4942
IND804452AAA,1,low,17.1275,16.6037,18.7021
IND805110AAD,2,low,18.88505185185185,7.901800000000001,26.0763
IND811105AAA,2,low,24.881941666666666,1.6425999999999998,34.7154
IND811201AAB,3,medium,25.125115384615388,7.8143,37.4391
IND811213AAA,3,medium,22.660860000000003,7.8143,39.430800000000005
IND811307AAA,2,low,25.21636,19.6407,34.3372
IND811399AAA,3,medium,20.321596641791043,0.0,38.2975
IND812002AAA,2,low,20.68031857142857,1.395,31.884400000000003
IND813102AAA,2,low,22.071797297297294,11.5792,35.327400000000004
IND813203AAA,2,low,20.14881538461539,1.395,35.327400000000004
IND813213AAA,2,low,36.98785000000001,34.6125,39.430800000000005
IND814101AAB,2,low,24.794206250000002,6.366,62.961400000000005
IND814112AAA,5,medium,27.805188,2.5284,52.1056
IND814133AAA,2,low,33.54013333333334,19.7164,96.4812
IND814133AAB,4,medium,34.819099107142854,5.7043,106.5829
IND815301AAA,4,medium,23.292562500000003,5.7043,32.7494
IND815351AAA,2,low,30.496894827586214,8.4275,61.066
IND815353AAA,4,medium,28.795363157894737,2.5284,47.7232
IND816107AAA,2,low,28.17415740740741,6.366,62.961400000000005
IND816109AAA,3,medium,38.99921705426357,0.0,106.5829
IND821109AAA,2,low,21.66502142857143,3.2614,36.3186
IND821115AAB,9,medium,29.245702446256484,0.4811999999999999,131.6362
IND821307AAA,1,low,15.56203913043478,2.519,29.0205
IND824101AAA,2,low,17.454164102564107,2.519,30.1515
IND825102AAA,2,low,19.25630909090909,1.5536,41.2693
IND825301AAA,2,low,19.649260714285713,1.8824,37.112300000000005
IND825409AAA,2,low,28.786662804878045,0.3272,128.902
IND826001AAC,1,low,7.0254,0.0,10.8103
IND826004AAA,13,high,22.911319391634983,0.0,131.8211
IND827013AAA,3,medium,13.788694148936173,1.5536,32.371
IND828111AAA,2,low,8.333499999999999,0.0,21.3117
IND828205AAA,1,low,7.107975000000001,1.1437,9.483
IND828401AAB,1,low,14.145245454545455,0.014,43.4841
IND829121AAA,2,low,14.76185352112676,0.0,88.5896
IND829122AAA,2,low,20.646734285714288,5.103800000000001,35.783300000000004
IND832109AAB,1,low,24.557841477272724,7.160399999999999,121.7863
IND834002AAB,10,medium,27.325576564468708,0.0,397.3859000000001
IND841101AAA,1,low,21.911233333333332,19.7311,23.7346
IND841207AAB,2,low,22.407075,19.7311,23.8946
IND841226AAB,3,medium,17.724138888888888,2.2767,31.2671
IND841301AAC,2,low,13.245364285714286,1.6331,31.2671
IND841405AAA,1,low,13.281766666666668,1.6331,28.3654
IND841424AAA,2,low,23.344930303030303,12.127,29.5981
IND841428AAA,2,low,23.074578571428578,2.2767,30.8981
IND842001AAA,24,high,27.58716702020202,0.0,995.1636
IND842003AAB,12,high,28.083270967741935,0.0,139.4525
IND843105AAB,2,low,13.113274683544306,0.0,28.0435
IND843109AAB,2,low,16.559982352941176,0.0,59.3443
IND843126AAA,2,low,16.875095945945947,0.0,59.3443
IND843301AAA,3,medium,23.28758450704225,0.0,82.4053
IND843320AAA,3,medium,16.93876274509804,0.0,55.648300000000006
IND843329AAB,2,low,21.670925000000004,0.0,34.3138
IND844101AAB,1,low,23.8946,23.8946,23.8946
IND844505AAB,2,low,33.71826279069767,0.0,75.0905
IND845305AAA,2,low,28.77149617834395,16.4361,63.5097
IND845401AAA,3,medium,24.904774444444445,6.0257,61.1119
IND845412AAB,2,low,20.007954794520547,0.0,53.8979
IND845418AAB,3,medium,29.300474999999995,0.0,91.1955
IND845438AAA,3,medium,21.635871134020615,0.0,40.3766
IND845455AAB,3,medium,24.223747204968944,0.0,65.6745
IND846004AAA,3,medium,19.311994495412844,0.8418,31.8057
IND847103AAA,2,low,14.961288461538466,0.8418,28.2256
IND847212AAA,2,low,23.71930846153846,5.1088000000000005,39.2925
IND847223AAA,2,low,56.30061481481483,19.5131,86.5578
IND847226AAA,2,low,23.179302721088437,0.4141,39.2787
IND847404AAB,3,medium,31.00095294117647,0.0,109.2236
IND848101AAA,3,medium,14.82241,0.0,28.0435
IND848114AAA,2,low,18.60928613861386,0.0,27.5153
IND848210AAA,3,medium,19.5007125,0.0,32.1848
IND851112AAB,1,low,32.246375,31.9027,32.7936
IND851127AAA,3,medium,21.15525263157895,0.0,44.1525
IND851204AAA,2,low,23.727981132075474,14.9167,36.5447
IND852111AAA,4,medium,25.149280833333332,0.5021,52.1142
IND852113AAA,3,medium,25.987891489361697,0.0,45.6711
IND852118A1B,4,medium,23.893,3.6642,39.5281
IND852118AAA,3,medium,24.847957142857144,17.5721,33.6594
IND852131AAA,3,medium,24.020285714285716,0.0,36.1428
IND852139AAB,3,medium,26.40382252252252,0.0,41.2112
IND852201AAA,3,medium,27.28342253521127,0.0,62.8005
IND853204AAA,3,medium,23.03927037037037,14.9167,29.823
IND854105AAA,2,low,22.34928888888889,0.0193999999999999,27.4953
IND854105AAB,3,medium,21.69989649122807,3.1277,36.5447
IND854311AAA,4,medium,20.84477910447761,0.0,52.1142
IND854326AAB,14,high,31.086694194885975,0.0193999999999999,101.6907
IND854334AAA,5,medium,19.296777142857138,0.0,37.7273
IND854335AAA,4,medium,18.107492307692308,1.9592,39.924800000000005
