source_center,destination_center,median,count,std
IND000000AAL,IND411033AAA,28.4661,18,2.1861425993903696
IND000000AAQ,IND700028AAB,13.9007,2,0.21764746724921955
IND000000ABG,IND501359AAF,35.0149,11,1.675735941174937
IND000000ACA,IND140401AAA,71.38040000000001,1,
IND000000ACA,IND142401AAA,27.6177,6,6.821154898817844
IND000000ACA,IND143001AAA,156.737,16,12.41683657831676
IND000000ACA,IND144001AAB,70.1373,2,0.02418305191657883
IND000000ACA,IND147301AAA,76.31309999999999,2,55.396583715785205
IND000000ACA,IND151001AAA,209.4346,7,5.371244892458527
IND000000ACA,IND152026AAA,157.1617,3,5.305756671138762
IND000000ACA,IND160002AAC,88.9471,26,6.607057002868514
IND000000ACB,IND000000AEL,62.2188,23,6.946834111413769
IND000000ACB,IND110024AAA,69.58695,6,3.6333665439919476
IND000000ACB,IND110030AAD,50.8802,28,5.1984711212444665
IND000000ACB,IND110037AAK,39.2915,39,5.180008516777425
IND000000ACB,IND110037AAM,351.2874,3,11.866394922778095
IND000000ACB,IND110043AAA,38.424800000000005,17,4.428400574766042
IND000000ACB,IND110043AAC,60.0094,9,1.1446962260792177
IND000000ACB,IND110052AAA,67.32195,2,0.6238803130409014
IND000000ACB,IND110064AAA,59.407650000000004,48,8.005856001382735
IND000000ACB,IND110085AAB,69.0404,24,5.1512842707890085
IND000000ACB,IND110092AAC,73.7171,5,1.735923386270266
IND000000ACB,IND110095AAB,93.24334999999999,36,10.372251534175893
IND000000ACB,IND121002AAB,70.6197,57,6.145307671998312
IND000000ACB,IND121004AAB,64.8236,31,0.9361656373292782
IND000000ACB,IND122001AAA,35.951,57,8.034115187844126
IND000000ACB,IND122015AAC,37.52775,2,2.7592013708680225
IND000000ACB,IND123106AAB,158.4101,1,
IND000000ACB,IND124103AAA,57.37305,2,8.461876139781292
IND000000ACB,IND124141AAA,221.6467,1,
IND000000ACB,IND125001AAA,164.0601,9,2.0872541873236137
IND000000ACB,IND125005AAA,164.61425000000003,4,0.4711649994074918
IND000000ACB,IND127021AAA,118.19595000000001,4,5.389601096169672
IND000000ACB,IND127201AAA,174.8677,1,
IND000000ACB,IND131028AAB,132.06054999999998,92,11.13617528394765
IND000000ACB,IND160002AAC,289.6173,41,8.369377147292505
IND000000ACB,IND201001AAC,255.98430000000002,4,98.7252551823958
IND000000ACB,IND201007AAA,79.358,9,9.087182973715107
IND000000ACB,IND201301AAF,75.5451,9,5.771418955460125
IND000000ACB,IND201301AAM,218.9422,39,121.31945949724366
IND000000ACB,IND209304AAA,512.1734,9,58.263925451646315
IND000000ACB,IND221313AAA,891.1157499999999,6,195.77897326433617
IND000000ACB,IND284403AAA,495.90905,2,125.26658258228727
IND000000ACB,IND301001AAB,103.147,6,1.2423831470202757
IND000000ACB,IND302014AAA,236.00885,30,12.398851291374566
IND000000ACB,IND302022AAD,248.89335,20,14.329226510798243
IND000000ACB,IND328001AAA,311.9958,1,
IND000000ACB,IND382430AAB,882.4261,17,26.413000237033717
IND000000ACB,IND395023AAA,1141.4073,6,26.048650908380466
IND000000ACB,IND411033AAA,1376.9619,3,31.955729700686415
IND000000ACB,IND421302AAG,1402.9295,19,36.234093182561026
IND000000ACB,IND462022AAA,772.1985500000001,18,30.251068075698686
IND000000ACB,IND474003AAA,346.66610000000003,8,24.86093388752722
IND000000ACB,IND501359AAE,1797.0543,26,326.83373655872765
IND000000ACB,IND521225AAB,2077.6627,1,
IND000000ACB,IND562132AAA,2281.086,47,50.99173750097575
IND000000ACB,IND600056AAB,2348.629,14,88.80831574308792
IND000000ACB,IND712311AAA,1521.16005,32,70.71340660483195
IND000000ACB,IND751002AAB,2276.8759,15,241.40198712842167
IND000000ACB,IND821115AAB,1052.1834,18,75.58742461052064
IND000000ACB,IND834002AAB,1344.1790500000002,16,78.02671378873157
IND000000ACB,IND854326AAB,1477.0706,3,17.061094037116685
IND000000ACK,IND501359AAF,28.1124,32,1.9517436464793703
IND000000ACN,IND501359AAF,21.6558,16,2.28725630781183
IND000000ACT,IND000000ACB,43.7481,47,4.690563084029854
IND000000ACT,IND131028AAB,45.3686,39,2.8170098627879403
IND000000ACT,IND160002AAC,237.4183,21,6.090594328134554
IND000000ACT,IND395023AAA,1173.6983,5,60.62159274126658
IND000000ACT,IND411033AAA,1461.0558,19,57.25232475810011
IND000000ACT,IND501359AAE,1723.4704,13,57.432770615924646
IND000000ACT,IND712311AAA,1715.9533000000001,16,118.72602143853094
IND000000ADV,IND600044AAC,51.7722,18,1.1433064290694916
IND000000AEL,IND000000ACB,63.23,17,7.026962296418993
IND000000AEM,IND110037AAB,47.9107,11,6.61230553787269
IND000000AEM,IND110064AAB,60.5313,11,4.668378343941482
IND000000AET,IND781018AAB,565.37835,2,3.2349428132502656
IND000000AFJ,IND695012AAA,63.0861,1,
IND000000AFJ,IND695541AAA,49.7122,13,4.7408671633616795
IND000000AFJ,IND695572AAB,31.6341,7,1.3513288444025329
IND000000AFR,IND683511AAA,29.9377,1,
IND000000AFT,IND400072AAB,21.1386,10,2.4705560319715705
IND000000AFT,IND400701AAA,25.0439,1,
IND000000AFT,IND400706AAA,14.15335,2,5.6310448519790715
IND000000AFT,IND410206AAA,22.119100000000003,1,
IND000000AFT,IND410206AAB,20.577,1,
IND000000AFT,IND410209AAA,18.06005,16,3.1330577874165773
IND000000AFT,IND410210AAA,17.6222,13,1.7834820838992864
IND000000AFT,IND421302AAG,23.8302,5,0.9265976057599106
IND110014AAA,IND110024AAA,11.83865,8,3.322904928753712
IND110024AAA,IND110014AAA,9.7301,6,2.6703549994335956
IND110030AAD,IND000000ACB,50.34140000000001,7,9.551155801861288
IND110037AAK,IND000000ACB,40.6921,43,6.831315090448874
IND110037AAM,IND000000ACB,505.76750000000004,2,11.277787474500558
IND110037AAM,IND110020AAB,27.6659,5,1.54573435622037
IND110037AAM,IND110024AAA,26.074199999999998,14,1.579863652918564
IND110037AAM,IND110035AAC,20.0244,33,3.2291533064288616
IND110037AAM,IND110064AAA,14.17905,2,1.7183401889614287
IND110037AAM,IND110085AAB,22.088300000000004,22,2.634557378729524
IND110037AAM,IND110092AAC,33.4305,1,
IND110037AAM,IND121004AAB,29.3089,46,2.490518189334458
IND110037AAM,IND125001AAA,209.3568,5,6.772444031662419
IND110037AAM,IND125005AAA,219.01605,4,4.844061721582417
IND110037AAM,IND131028AAB,44.0332,1,
IND110037AAM,IND201001AAC,45.87465,8,1.4664499387490675
IND110037AAM,IND201007AAA,38.218199999999996,6,1.9567121873183146
IND110037AAM,IND201301AAD,35.0513,1,
IND110037AAM,IND201301AAF,35.3897,5,1.7588509359806468
IND110037AAM,IND202001AAB,146.62,1,
IND110037AAM,IND205001AAB,322.12305000000003,4,106.99710116637112
IND110037AAM,IND209304AAA,477.8933,14,9.716400194267656
IND110037AAM,IND211002AAB,800.2778000000001,21,47.946749931508606
IND110037AAM,IND226004AAC,549.1997,1,
IND110037AAM,IND250002AAC,106.51365,2,20.792969875537256
IND110037AAM,IND282002AAD,236.31369999999998,8,3.794975199594283
IND110037AAM,IND421302AAG,1454.74775,18,47.57427256055711
IND110037AAM,IND781018AAB,2181.4607,1,
IND110037AAM,IND811399AAA,39.3921,1,
IND110043AAA,IND000000ACB,48.9673,5,6.251365667036282
IND110043AAA,IND110078AAA,18.9488,20,1.6671537053739531
IND110043AAC,IND000000ACB,63.1933,1,
IND110044AAB,IND000000ACB,66.65395000000001,76,7.353214913489531
IND110044AAB,IND110030AAD,15.3918,30,0.9636128119272517
IND110044AAB,IND110037AAM,24.686,3,1.3729490388697365
IND110044AAB,IND131028AAB,49.42755,40,3.8040612222342607
IND110044AAB,IND201007AAA,20.3799,11,1.2449730433007196
IND110044AAB,IND201301AAF,12.7,12,0.9744490509793446
IND110052AAA,IND000000ACB,67.99605,10,0.7671768694375519
IND110064AAA,IND000000ACB,59.7209,39,8.268875276331098
IND110064AAA,IND110005AAA,11.3041,2,0.9342294793036673
IND110064AAA,IND110046AAA,13.586200000000002,1,
IND110077AAA,IND110043AAA,11.7786,1,
IND110078AAA,IND110043AAA,18.5128,1,
IND110083AAA,IND110085AAB,15.975,1,
IND110085AAB,IND000000ACB,68.3144,7,6.453912900381773
IND110085AAB,IND110039AAA,13.2581,1,
IND110085AAB,IND110083AAA,11.9201,3,0.18078265956667441
IND110085AAB,IND110085AAA,11.4111,1,
IND110085AAB,IND110087AAA,11.7553,3,0.22911781539926854
IND110092AAC,IND000000ACB,75.30865,6,3.8353927710209827
IND110092AAC,IND110093AAA,12.8317,1,
IND110093AAA,IND110092AAC,15.547,1,
IND110095AAB,IND000000ACB,77.609,1,
IND121001AAA,IND121004AAB,11.9969,26,0.7475392887333749
IND121002AAB,IND000000ACB,72.0294,29,9.378803828717263
IND121004AAA,IND121004AAB,19.0484,2,2.4707725148220336
IND121004AAB,IND000000ACB,65.1568,34,4.151055127286112
IND121004AAB,IND110037AAM,28.6533,37,1.186940951092928
IND121004AAB,IND121001AAA,11.5437,23,1.6948993517053061
IND121004AAB,IND121004AAA,16.259999999999998,13,1.2206615566033168
IND121004AAB,IND121004AAC,16.871,6,1.0466775544550473
IND121004AAB,IND121102AAA,40.7359,29,2.0322472874904554
IND121004AAC,IND121004AAB,20.616300000000003,1,
IND122001AAA,IND000000ACB,37.97435,20,3.9471165516374738
IND122001AAA,IND110037AAM,13.2356,1,
IND122001AAA,IND122001AAD,10.817,1,
IND122001AAA,IND122050AAA,28.8153,3,2.9216442910343035
IND122001AAA,IND122101AAC,13.6755,1,
IND122001AAD,IND122050AAA,17.058149999999998,8,1.8386914794028302
IND122002AAD,IND122001AAA,72.47095,2,4.272834146675948
IND122004AAA,IND000000ACB,35.6946,1,
IND122004AAA,IND122413AAE,37.1438,43,3.5974079866039586
IND123001AAA,IND000000ACB,106.40035,2,0.19947482297272992
IND123001AAA,IND123106AAB,94.8705,1,
IND123001AAA,IND123401AAB,40.41930000000001,1,
IND123401AAB,IND000000ACB,66.0395,1,
IND124001AAB,IND131301AAA,176.6576,1,
IND124103AAA,IND000000ACB,229.0107,1,
IND124112AAA,IND110037AAM,249.4467,1,
IND124141AAA,IND000000ACB,103.4088,1,
IND124507AAA,IND131028AAE,40.4897,2,2.2758938859270184
IND125001AAA,IND000000ACB,158.3221,10,1.2741458920913948
IND125001AAA,IND110037AAM,177.2008,3,5.824200248102758
IND125001AAA,IND125047AAB,39.2669,1,
IND125001AAA,IND125051AAA,111.0927,3,7.024494804847765
IND125001AAA,IND125104AAA,344.0658,5,20.578683311937137
IND125001AAA,IND125111AAA,133.5765,1,
IND125001AAA,IND335513AAA,189.58339999999998,2,10.128880376428588
IND125001AAA,IND335523AAB,192.48295000000002,4,15.107913507496654
IND125001AAA,IND335524AAA,181.1853,3,0.565521644148138
IND125005AAA,IND000000ACB,159.8062,5,1.9382270553265954
IND125005AAA,IND125051AAA,111.6768,1,
IND125005AAA,IND125104AAA,346.6752,1,
IND125005AAA,IND125111AAA,135.21335,2,0.7094402335644502
IND125005AAA,IND331701AAA,214.8969,1,
IND125005AAA,IND335513AAA,180.5204,1,
IND125005AAA,IND335524AAA,181.96744999999999,2,1.1038643961102965
IND125047AAB,IND125051AAA,68.9421,1,
IND125047AAB,IND125111AAA,89.0035,1,
IND125050AAA,IND125051AAA,25.774700000000003,1,
IND126102AAA,IND131301AAA,116.1124,3,0.2978726125935948
IND127021AAA,IND000000ACB,147.4456,1,
IND127021AAA,IND127201AAA,54.6919,1,
IND131021AAA,IND131028AAA,13.222199999999999,58,1.6061160880860859
IND131028AAB,IND000000ACB,132.481,86,8.750588899599546
IND131028AAB,IND110037AAM,51.668,7,3.554730140584649
IND131028AAB,IND131028AAE,89.0154,1,
IND131028AAB,IND131301AAA,201.62455,2,46.29109898376794
IND131028AAB,IND132039AAA,225.2925,2,0.6888634262319319
IND131028AAB,IND160002AAC,202.2766,16,11.486477758970903
IND131028AAB,IND201204AAA,83.02595,4,25.10027926225789
IND131028AAB,IND244001AAA,298.01885,4,46.065006008538276
IND131028AAB,IND247776AAA,63.6448,1,
IND131028AAB,IND248001AAA,243.26045,2,0.02849640328181928
IND131028AAB,IND249201AAA,196.0737,7,14.628009218146895
IND131028AAB,IND250002AAA,87.64330000000001,3,22.607641238380737
IND131028AAB,IND250002AAC,89.7878,1,
IND131028AAB,IND250611AAA,38.9892,1,
IND131028AAB,IND251201AAA,110.8568,1,
IND131028AAB,IND251309AAB,65.4715,1,
IND131028AAE,IND124507AAA,42.7911,1,
IND132001AAA,IND131028AAB,92.7415,2,4.365677267045749
IND132001AAA,IND132103AAA,38.0852,1,
IND132103AAA,IND131028AAB,75.8047,5,42.93464660962053
IND132103AAA,IND132001AAA,43.03255,2,5.603891951581508
IND132103AAA,IND132103AAB,86.22240000000001,1,
IND132103AAB,IND131028AAB,58.55595,2,5.253025566756742
IND132103AAB,IND132001AAA,44.35595,2,9.196277242721642
IND132103AAB,IND132103AAA,141.8306,1,
IND133004AAA,IND160002AAC,238.00945000000002,4,0.5463891439868255
IND133004AAA,IND173025AAA,114.50145,2,0.20923289655309663
IND134102AAA,IND160002AAC,91.1399,1,
IND134109AAA,IND160002AAC,36.9672,5,1.4254171799862665
IND134203AAA,IND140501AAA,47.5991,2,10.696687121721375
IND134203AAA,IND160002AAC,82.4962,13,3.9657119367953424
IND135001AAA,IND160002AAC,180.6962,5,2.042648342960682
IND136118AAA,IND131028AAB,184.7225,1,
IND136118AAA,IND132039AAA,95.01105000000001,4,1.2529008766325693
IND140301AAA,IND140118AAA,67.4095,1,
IND140301AAA,IND160002AAC,64.1078,5,4.6917698832103865
IND140406AAA,IND000000ACA,155.1781,1,
IND140406AAA,IND140401AAA,37.665600000000005,1,
IND140501AAA,IND160002AAC,29.4908,1,
IND140901AAA,IND160002AAC,46.2358,1,
IND140901AAA,IND160055AAA,13.0254,1,
IND141003AAB,IND000000ACA,115.64425,26,47.278462946910125
IND141003AAB,IND141109AAA,66.5368,1,
IND141003AAB,IND142026AAA,40.4386,2,0.3293703386766949
IND141010AAA,IND000000ACA,15.531,1,
IND141115AAA,IND000000ACA,37.1583,1,
IND142001AAB,IND000000ACA,261.2515,1,
IND142001AAB,IND151001AAA,130.937,5,1.537401010471891
IND142401AAA,IND000000ACA,29.0026,1,
IND143001AAA,IND160002AAC,250.18795,8,3.231920063075062
IND144001AAA,IND144001AAB,52.4303,8,3.784638361568663
IND144001AAA,IND144040AAA,26.1108,5,0.6683978657955167
IND144001AAB,IND000000ACA,74.44435,2,1.781838377911986
IND144001AAB,IND143001AAA,111.80255,2,0.02015254326381737
IND144001AAB,IND144040AAA,77.6845,1,
IND144001AAB,IND144401AAB,14.7328,1,
IND144001AAB,IND160002AAC,164.0405,3,8.959425677091883
IND144001AAC,IND000000ACA,69.45925,2,0.024960869375889757
IND144001AAC,IND160002AAC,193.09895,16,26.17221036192141
IND144401AAB,IND144001AAB,13.47615,4,1.5808249373349341
IND144514AAA,IND000000ACA,60.4088,2,6.891745532156563
IND144601AAA,IND144040AAA,52.5412,1,
IND145001AAA,IND176201AAA,19.2593,1,
IND145001AAA,IND176310AAA,123.3421,1,
IND147001AAB,IND160002AAC,113.552,1,
IND147101AAA,IND147105AAA,25.8111,1,
IND147105AAA,IND160002AAC,103.7387,2,1.673863172424808
IND147201AAA,IND160002AAC,70.1676,1,
IND148028AAA,IND147001AAB,64.2174,2,1.2027886347983128
IND148028AAA,IND160002AAC,191.7339,1,
IND148101AAA,IND151001AAA,88.4524,1,
IND151001AAA,IND148101AAA,64.2757,4,2.5743226660942624
IND151001AAA,IND148102AAA,88.18085,4,1.9837687069061254
IND151001AAA,IND151103AAA,28.3837,3,3.473261990310166
IND151001AAA,IND151302AAA,56.9986,1,
IND151001AAA,IND151505AAA,167.12709999999998,2,0.7580184694319708
IND151001AAA,IND160002AAC,208.4974,6,3.9766504074409186
IND151506AAA,IND151001AAA,77.7979,4,1.2722734611709852
IND152026AAA,IND152101AAA,37.978,1,
IND152026AAA,IND152123AAA,64.093,1,
IND152026AAA,IND160002AAC,279.29420000000005,2,4.510209893120254
IND152101AAA,IND152026AAA,34.6875,1,
IND160002AAC,IND000000ACA,129.70620000000002,34,102.7984942770676
IND160002AAC,IND000000ACB,293.1914,33,8.41433780168874
IND160002AAC,IND110037AAM,234.3489,9,6.351798807424557
IND160002AAC,IND131028AAB,185.27935,12,11.292911316477175
IND160002AAC,IND140001AAA,64.85695,2,1.4264465096876189
IND160002AAC,IND140118AAA,104.74005,2,0.56632182105231
IND160002AAC,IND140603AAA,30.3381,10,0.6576666764656189
IND160002AAC,IND140901AAA,50.906000000000006,2,0.15683628406716996
IND160002AAC,IND144001AAB,159.5714,3,6.568259783484008
IND160002AAC,IND147001AAD,163.27100000000002,1,
IND160002AAC,IND147105AAA,100.78375,6,1.4208011303486434
IND160002AAC,IND160003AAA,33.1927,1,
IND160002AAC,IND160102AAC,37.1548,25,1.7956486076717058
IND160002AAC,IND174103AAA,154.7289,3,13.470252791367116
IND160002AAC,IND175018AAA,192.8731,1,
IND160002AAC,IND175101AAA,282.4729,11,25.041092360990103
IND160002AAC,IND176041AAA,211.7049,1,
IND160002AAC,IND176110AAB,262.9779,1,
IND160002AAC,IND177033AAA,265.0747,1,
IND160002AAC,IND184104AAA,319.9757,1,
IND160002AAC,IND184121AAA,435.8366,1,
IND160002AAC,IND421302AAG,1679.658,15,36.857106392155444
IND160002AAC,IND562132AAA,2589.62185,20,85.10786759653752
IND160003AAA,IND160002AAC,37.9311,1,
IND160102AAC,IND160002AAC,36.1682,28,1.34583035214668
IND160102AAD,IND160002AAC,36.4572,3,5.462289454065944
IND160102AAD,IND160002AAD,38.6283,3,4.48226750205741
IND173025AAA,IND160002AAC,121.3218,1,
IND174001AAA,IND175101AAA,124.1791,1,
IND174021AAA,IND174001AAA,225.4817,11,3.5690776218666205
IND174021AAA,IND176048AAA,27.4653,1,
IND174103AAA,IND160002AAC,68.4577,1,
IND174307AAA,IND160002AAC,247.1018,4,3.656329354694421
IND174307AAA,IND176041AAA,34.7831,1,
IND175015AAA,IND174001AAA,122.51665,2,1.8690953547104086
IND175018AAA,IND175101AAA,87.482,1,
IND176110AAB,IND160002AAC,246.3287,1,
IND176201AAA,IND145001AAA,233.34390000000002,4,2.044783100151865
IND176310AAA,IND145001AAA,124.2268,3,0.3343807759625649
IND177203AAA,IND160002AAC,400.29179999999997,2,5.722756601498964
IND177203AAA,IND176061AAA,110.0007,1,
IND181152AAA,IND160002AAC,359.35585000000003,2,2.8696514500893677
IND181152AAB,IND160002AAC,360.2453,1,
IND181152AAB,IND181201AAB,28.7425,3,1.891683166741549
IND181201AAB,IND181152AAB,31.3422,4,2.920582984468456
IND184104AAA,IND160002AAC,448.5983,1,
IND184104AAA,IND181152AAA,77.41760000000001,1,
IND184104AAA,IND181152AAB,80.358,1,
IND201001AAA,IND201007AAA,10.5612,5,0.34939603603933445
IND201001AAC,IND000000ACB,348.567,1,
IND201001AAC,IND110037AAM,47.85105,2,3.0696212478089198
IND201007AAA,IND201001AAA,10.4857,4,0.6516719087598198
IND201007AAA,IND201005AAA,10.438400000000001,2,0.04270924958366779
IND201007AAA,IND201007AAB,15.2666,1,
IND201007AAA,IND245101AAA,45.9469,2,0.13816866504384842
IND201007AAA,IND245304AAA,59.135400000000004,2,0.12148094500784459
IND201007AAB,IND110044AAB,35.2384,10,4.236140070197555
IND201007AAB,IND201007AAA,11.77685,2,0.5847065973631569
IND201007AAB,IND201301AAF,13.0087,5,0.5329006633510599
IND201204AAA,IND250002AAA,22.3762,1,
IND201301AAF,IND201304AAA,10.8301,1,
IND201301AAF,IND203135AAA,100.8361,1,
IND201301AAL,IND201301AAF,22.5996,1,
IND201301AAM,IND000000ACB,168.5874,27,127.48075648346764
IND201304AAA,IND201301AAF,11.6079,8,1.1788735579841825
IND201306AAA,IND201301AAF,20.2879,7,1.5478622240890514
IND201306AAA,IND201304AAA,13.3995,1,
IND201307AAA,IND201301AAF,43.4764,9,4.378769068185711
IND201307AAA,IND201301AAL,18.84315,14,1.6928625368857364
IND202001AAB,IND207123AAA,158.1462,1,
IND202001AAB,IND282002AAD,92.135,1,
IND202001AAC,IND202001AAB,214.42755,4,45.26981235753763
IND203001AAA,IND201301AAF,157.3877,1,
IND203131AAA,IND201301AAF,227.8097,1,
IND204215AAA,IND202001AAB,142.25265000000002,2,0.23355736982592248
IND205001AAB,IND110037AAM,382.63325,4,60.50433825720681
IND205001AAB,IND207247AAB,289.1372,1,
IND205001AAB,IND241124AAB,133.0498,1,
IND205135AAA,IND110037AAM,361.4482,1,
IND205135AAA,IND283203AAA,21.7881,3,0.27589803068041757
IND208017AAA,IND209304AAA,60.5429,1,
IND208019AAA,IND209304AAA,49.3634,1,
IND209101AAA,IND209304AAA,409.34955,2,58.18520072875065
IND209101AAA,IND285205AAB,146.2945,1,
IND209111AAA,IND285205AAB,80.18809999999999,3,0.6801456339147736
IND209304AAA,IND000000ACB,564.88495,8,37.05930435687556
IND209304AAA,IND110037AAM,524.50185,10,63.95599251587938
IND209304AAA,IND206122AAA,181.853,1,
IND209304AAA,IND208006AAA,30.6427,11,46.024075918308036
IND209304AAA,IND208012AAA,95.801,8,40.164504880408934
IND209304AAA,IND208019AAA,16.78155,8,28.28862588209198
IND209304AAA,IND209206AAB,95.9749,1,
IND209304AAA,IND209801AAA,124.0773,15,42.01018101749464
IND209304AAA,IND210001AAA,259.11585,6,35.88152784567569
IND209304AAA,IND210301AAA,119.7436,3,0.44811128082208046
IND209304AAA,IND210427AAA,293.7967,1,
IND209304AAA,IND285001AAD,177.9555,1,
IND209304AAA,IND285205AAB,142.4104,12,33.43968111918765
IND209625AAA,IND205001AAB,239.7379,1,
IND210501AAB,IND209304AAA,115.24665,2,0.025385133444595673
IND211002AAB,IND000000ACB,892.06205,8,53.08461914926656
IND211002AAB,IND209304AAA,234.3052,2,0.26771062735720086
IND211002AAB,IND211013AAA,21.9168,3,2.637333244649476
IND211002AAB,IND212402AAA,67.4567,1,
IND211002AAB,IND485001AAC,184.90064999999998,2,0.11844038584874952
IND211002AAB,IND486661AAA,375.09815000000003,4,8.039465232370864
IND211002AAB,IND486771AAA,346.39015,2,2.800496406889339
IND211008AAA,IND211002AAB,24.3104,2,1.1025208932260628
IND211010AAB,IND211002AAB,9.8043,1,
IND211011AAA,IND211002AAB,106.4466,1,
IND221010AAB,IND222136AAA,75.658,1,
IND221010AAB,IND232104AAB,53.2764,1,
IND221010AAB,IND233001AAA,80.09230000000001,1,
IND221010AAB,IND275101AAA,120.9744,1,
IND221303AAA,IND231001AAA,29.27005,2,0.024536605307173793
IND221313AAA,IND000000ACB,1103.331,5,87.0390019899987
IND221313AAA,IND209304AAA,468.0215,1,
IND221313AAA,IND221005A1A,24.9024,1,
IND221313AAA,IND221010AAA,9.6548,1,
IND221313AAA,IND222001AAA,182.0768,1,
IND221313AAA,IND222125AAB,205.67880000000002,2,37.69020565080534
IND221313AAA,IND231001AAA,94.4241,1,
IND221313AAA,IND232104AAB,57.617900000000006,1,
IND221313AAA,IND233221AAC,171.1972,2,28.304353080047584
IND221401AAA,IND221303AAA,17.544900000000002,1,
IND224001AAA,IND224122AAA,63.43405,12,3.6853861607213383
IND224001AAA,IND224141AAB,33.9283,1,
IND224141AAB,IND224122AAA,27.3509,5,0.4979510317290249
IND226004AAA,IND226016AAA,33.78775,6,6.2843286676462125
IND226004AAA,IND226024AAA,19.077,1,
IND231208AAA,IND231205AAA,206.3003,1,
IND231208AAA,IND231216AAA,229.4871,5,3.5354737565141168
IND231217AAA,IND231216AAA,193.5757,1,
IND232101AAB,IND221010AAB,58.9947,1,
IND232101AAB,IND232104AAB,13.3754,1,
IND232101AAB,IND232327AAA,97.0589,1,
IND233001AAA,IND275503AAA,58.48945,2,1.8767321079472155
IND233001AAA,IND276140AAA,84.4909,1,
IND243001AAA,IND244901AAB,138.3397,1,
IND243201AAA,IND244901AAB,231.975,1,
IND243301AAB,IND244901AAB,68.8464,3,0.5637852901001766
IND244001AAA,IND131028AAB,447.8063,1,
IND244301AAA,IND244901AAC,195.78334999999998,2,0.3358050103854951
IND244412AAA,IND244901AAB,140.12245000000001,2,85.31575655202853
IND244901AAB,IND243002AAA,73.3914,1,
IND244901AAB,IND243301AAB,230.0022,1,
IND244901AAB,IND243503AAB,102.0458,4,58.50877878668436
IND244901AAB,IND244412AAA,133.4441,1,
IND244901AAB,IND244501AAA,314.1056,2,5.157354019262242
IND244901AAB,IND244921AAB,31.823,1,
IND244901AAB,IND246701AAA,171.2223,1,
IND244901AAB,IND246725AAB,140.697,1,
IND244901AAB,IND262122AAB,142.20595,2,35.14865174718655
IND244901AAC,IND244901AAB,300.8669,1,
IND245101AAA,IND201007AAA,48.5795,3,6.994528756344729
IND245304AAA,IND201007AAA,61.6272,3,5.793492896632685
IND246001AAA,IND249201AAA,109.2585,1,
IND246174AAA,IND246424AAA,92.9589,1,
IND246174AAA,IND246444AAB,61.947,1,
IND246424AAA,IND246174AAA,90.9566,1,
IND246424AAA,IND246444AAB,151.1858,1,
IND246444AAB,IND246174AAA,122.3031,1,
IND246701AAA,IND244901AAB,283.89549999999997,2,19.934047268429964
IND246761AAA,IND244901AAB,121.4819,1,
IND247554AAA,IND131028AAB,337.91995000000003,2,1.0878837828555028
IND247554AAA,IND248001AAA,105.0465,1,
IND247776AAA,IND131028AAB,94.3437,1,
IND247776AAA,IND251309AAB,24.4696,1,
IND248001AAA,IND131028AAB,234.0605,2,0.6297492993247437
IND248001AAD,IND131028AAB,231.54715,6,2.0917622815861914
IND248197AAA,IND248001AAA,78.1522,15,9.638510493046702
IND248197AAA,IND248122AAB,56.7201,1,
IND249201AAA,IND131028AAB,198.26475,4,1.172036743949041
IND249201AAA,IND246174AAA,110.8864,1,
IND249407AAA,IND246149AAA,76.9647,3,1.5687083136559576
IND250002AAA,IND131028AAB,80.27260000000001,3,1.2060614426028715
IND250611AAA,IND131028AAB,131.662,8,13.387816679827916
IND250611AAA,IND247776AAA,40.4803,1,
IND250611AAA,IND251309AAB,61.6555,1,
IND251001AAA,IND248001AAA,131.29514999999998,2,0.26028600615477704
IND251201AAA,IND131028AAB,108.0489,1,
IND261001AAA,IND262723AAB,192.2394,1,
IND261201AAB,IND262723AAB,258.0129,19,11.975927426172836
IND262405AAA,IND263153AAB,41.5601,2,0.32597622612699734
IND262802AAA,IND262723AAB,93.0841,1,
IND263002AAA,IND263153AAB,229.6448,1,
IND263153AAB,IND131028AAB,294.6018,1,
IND263153AAB,IND244713AAA,65.16810000000001,1,
IND263153AAB,IND262501AAA,302.29835,2,10.937032716646682
IND263153AAB,IND263002AAA,78.4921,1,
IND263153AAB,IND263139AAA,32.748,1,
IND263153AAB,IND263401AAA,134.51639999999998,2,0.33516861428244626
IND263153AAB,IND263601AAA,192.9097,3,1.8714152835042652
IND263601AAA,IND262501AAA,112.9738,1,
IND263601AAA,IND263645AAA,52.5184,1,
IND271001AAA,IND271201AAA,42.1421,1,
IND271001AAA,IND271210AAA,70.6945,1,
IND271201AAA,IND271001AAA,97.0926,2,0.49257058377455665
IND271210AAA,IND271001AAA,66.9905,6,0.7893365325807923
IND272001AAA,IND209304AAA,597.5087,1,
IND272001AAA,IND272175AAA,32.6592,1,
IND272001AAA,IND273014AAB,135.3068,2,3.0692676944183246
IND272155AAA,IND209304AAA,614.9376,1,
IND272155AAA,IND272175AAA,71.65979999999999,1,
IND272155AAA,IND273014AAB,166.9035,1,
IND272207AAB,IND272153AAC,22.9428,3,0.8761074211153158
IND273014AAB,IND209304AAA,482.7246,1,
IND273014AAB,IND273155AAA,45.733,1,
IND273014AAB,IND273304AAA,144.09799999999998,1,
IND273014AAB,IND274304AAB,101.046,1,
IND273014AAB,IND277201AAA,153.4155,1,
IND273014AAB,IND277211AAA,170.7612,3,2.2685834001273437
IND273014AAB,IND277303AAC,129.3442,3,0.8929331572594511
IND273304AAA,IND273014AAB,128.6544,10,26.288722794564297
IND274402AAA,IND273014AAB,107.0074,1,
IND275101AAA,IND276140AAA,58.9506,1,
IND275503AAA,IND276140AAA,41.6764,1,
IND276128AAA,IND222125AAB,97.98755,4,2.45176441907999
IND281401AAA,IND121004AAB,112.13545,6,33.42598449107621
IND281401AAA,IND321022AAA,34.34975,6,5.193983754081898
IND282001AAA,IND110037AAM,349.8543,3,34.13093690466173
IND282001AAF,IND282002AAD,149.8364,7,2.569762307889124
IND282001AAF,IND282005AAA,55.652,3,9.940924471261882
IND282001AAF,IND283122AAB,26.43495,8,2.596255690103125
IND282002AAD,IND110037AAM,251.2267,5,18.46382215460818
IND282002AAD,IND205001AAB,126.3234,5,88.25448698781835
IND282002AAD,IND281004AAA,95.8826,3,2.9062818933017023
IND283203AAA,IND110037AAM,343.4214,2,70.80783459038975
IND284001AAA,IND284403AAA,109.8134,1,
IND284001AAA,IND474003AAA,458.44669999999996,2,2.176333251135913
IND284403AAA,IND474003AAA,223.2655,1,
IND301001AAB,IND321001AAB,74.3106,3,3.117451450036282
IND301001AAB,IND321401AAB,146.215,5,14.230776786844773
IND301019AAA,IND123106AAB,150.62210000000002,7,15.562695495180597
IND301019AAA,IND123401AAB,96.9106,1,
IND301705AAA,IND123106AAB,145.2141,1,
IND302004AAA,IND302014AAB,17.6764,1,
IND302006AAA,IND302014AAB,14.424199999999999,6,1.1560285280505258
IND302006AAC,IND302014AAB,20.2082,1,
IND302014AAA,IND000000ACB,237.6801,23,23.54258773245364
IND302014AAA,IND301001AAB,166.8716,3,3.340935124083278
IND302014AAA,IND303106AAA,207.6094,5,5.046006962242523
IND302014AAA,IND313001AAB,411.59590000000003,2,8.389256273353444
IND302014AAA,IND332001AAB,136.0732,1,
IND302014AAA,IND334001AAB,355.0229,1,
IND302014AAA,IND341306AAA,481.38535,6,131.41836871692507
IND302014AAA,IND342902AAA,493.5402,3,18.106075809609706
IND302014AAA,IND382430AAB,694.5219,10,23.747479477725616
IND302014AAB,IND302004AAA,19.402,18,2.186328083931649
IND302014AAB,IND302006AAA,18.4644,16,2.711372328230056
IND302014AAB,IND302006AAC,23.7064,17,2.94852258305649
IND302014AAB,IND302020AAA,14.3547,15,1.7209206133429205
IND302014AAB,IND302023AAA,29.6951,17,2.65288530589809
IND302014AAB,IND302033AAB,26.8568,1,
IND302014AAB,IND303338AAB,143.84980000000002,1,
IND302014AAB,IND303503AAA,275.8097,1,
IND302014AAB,IND303901AAA,30.0547,6,9.220487038473982
IND302014AAB,IND304001AAA,84.4782,3,2.7160879753792964
IND302014AAB,IND322201AAA,235.6919,2,0.6658117451652489
IND302014AAB,IND322241AAA,204.8727,1,
IND302022AAD,IND000000ACB,265.7763,7,25.371047907502007
IND303106AAA,IND302014AAA,79.4062,1,
IND303301AAB,IND302014AAB,327.845,2,11.217541976743354
IND303303AAA,IND302014AAB,296.3218,2,22.450923145385367
IND303338AAB,IND302014AAB,133.471,1,
IND303702AAB,IND302014AAA,527.18305,2,119.9269364348352
IND303702AAB,IND341306AAA,552.6949,1,
IND305001AAC,IND302014AAA,615.9814,1,
IND305001AAC,IND305601AAC,205.3327,1,
IND305001AAC,IND341503AAB,108.5687,1,
IND305001AAC,IND341510AAB,167.0251,1,
IND305001AAC,IND341512AAA,73.01740000000001,1,
IND305601AAC,IND305001AAC,38.2002,1,
IND305802AAA,IND305001AAC,134.6765,1,
IND305802AAA,IND341505AAA,62.8465,1,
IND306401AAB,IND302014AAA,316.7385,1,
IND306401AAB,IND305001AAC,202.72015,20,26.97074251819191
IND306401AAB,IND306001AAA,223.3226,3,38.7194479387297
IND306401AAB,IND307001AAA,279.8104,1,
IND306401AAB,IND342902AAA,173.1486,1,
IND306401AAB,IND343001AAA,132.1996,1,
IND312001AAA,IND313001AAB,119.796,1,
IND312001AAA,IND458664AAA,118.8312,3,36.44828990149377
IND312403AAA,IND312001AAA,97.60215,2,1.3425836454389064
IND312605AAB,IND313001AAB,167.2102,4,0.6236365554819266
IND312605AAB,IND458001AAB,30.849,1,
IND312605AAB,IND458990AAA,65.9061,1,
IND313001AAB,IND302014AAA,505.8322,5,17.099315089850805
IND313001AAB,IND311001AAA,163.8081,1,
IND313001AAB,IND312605AAB,307.274,3,6.94735659105916
IND313001AAB,IND327001AAB,221.52024999999998,2,11.312647838812996
IND313001AAB,IND382430AAB,314.6911,4,10.56883154228348
IND321001AAA,IND301001AAB,205.57524999999998,2,12.594349590391694
IND321001AAA,IND321401AAB,44.317,2,2.609224022578359
IND321022AAA,IND121004AAB,108.82075,6,11.411666123869319
IND322001AAC,IND302014AAB,151.2837,1,
IND328001AAA,IND000000ACB,504.4268,1,
IND328001AAA,IND284403AAA,303.19,1,
IND331022A1B,IND331001A1C,60.9205,1,
IND331701AAA,IND125001AAA,71.7275,1,
IND332001AAB,IND331023AAA,154.11265,2,9.306868743299221
IND332001AAB,IND332709AAA,183.40825,2,4.085168006949049
IND332001AAB,IND332715AAB,215.6208,1,
IND332001AAB,IND333028AAA,97.288,2,9.16891221028973
IND332001AAB,IND333031AAA,112.5603,8,3.7687856425938397
IND332001AAB,IND333042AAA,32.8917,3,4.470572771282592
IND332404AAA,IND302014AAA,526.9349,1,
IND332404AAA,IND341303AAA,435.0559,1,
IND332404AAA,IND341306AAA,362.5442,1,
IND332713AAA,IND332709AAA,82.85605000000001,4,25.28407461168328
IND333028AAA,IND333502AAA,40.769400000000005,1,
IND333031AAA,IND331023AAA,40.5553,1,
IND333042AAA,IND331304AAA,113.7217,1,
IND333042AAA,IND332001AAB,262.0989,1,
IND334001AAB,IND302014AAA,296.3636,1,
IND334001AAC,IND341303AAA,172.4582,1,
IND335001AAA,IND125104AAA,100.81195,4,0.0416842496234072
IND335051AAA,IND335513AAA,111.1415,1,
IND335513AAA,IND335701AAA,126.9295,1,
IND335513AAA,IND335803AAA,31.7659,1,
IND335513AAA,IND335804AAD,56.983,1,
IND335804AAD,IND335513AAA,212.88145,2,35.73809595998364
IND335804AAD,IND335701AAA,75.7201,3,1.2983412815332245
IND341001AAC,IND341303AAA,96.8366,1,
IND341303AAA,IND302014AAA,266.3912,1,
IND341505AAA,IND305001AAC,200.20364999999998,4,0.7281577782321533
IND341505AAA,IND341510AAB,104.3853,1,
IND341510AAB,IND305001AAC,73.66669999999999,1,
IND342005AAD,IND342301AAA,518.4003,1,
IND343001AAA,IND306902AAA,182.1446,1,
IND344001AAA,IND342005AAD,479.4186,5,70.92616907275482
IND344001AAA,IND342301AAA,324.9741,1,
IND344022AAB,IND342005AAD,457.25059999999996,6,160.09888465078075
IND344022AAB,IND342301AAA,413.55885,2,1.591626653772801
IND360003AAA,IND360050AAA,84.9728,1,
IND360003AAA,IND360311AAA,59.0404,1,
IND360490AAA,IND362001AAA,43.306,3,0.3893931560775089
IND360510AAB,IND362001AAA,112.7475,1,
IND360530AAB,IND362001AAA,102.8483,1,
IND360575AAA,IND360530AAB,74.45920000000001,1,
IND360575AAA,IND362001AAA,159.11124999999998,4,3.4934749990756555
IND361001AAA,IND361305AAC,54.6911,5,0.3324431725874387
IND361001AAA,IND361335AAA,139.3124,11,1.5347172895712984
IND361315AAA,IND361335AAA,40.889300000000006,1,
IND361335AAA,IND360002AAB,307.9912,1,
IND362001AAA,IND360370AAA,32.5553,2,0.37377664453521464
IND362001AAA,IND360490AAA,66.14150000000001,1,
IND362001AAA,IND360530AAB,179.9742,1,
IND362001AAA,IND360575AAA,154.02859999999998,1,
IND362001AAA,IND362220AAA,35.17,1,
IND362001AAA,IND362265AAA,92.0368,1,
IND362001AAA,IND362560AAA,177.8937,5,29.822766733034687
IND362265AAA,IND362001AAA,225.33965,2,0.2168696497899287
IND362720AAA,IND362560AAA,38.331,1,
IND363001AAA,IND364710AAA,81.16890000000001,2,0.3066015003224809
IND363310AAB,IND382430AAB,145.0211,1,
IND363520AAC,IND363001AAA,57.4461,1,
IND363520AAC,IND363421AAB,85.7907,1,
IND363520AAC,IND364710AAA,139.9852,11,0.6788506334573577
IND363641AAA,IND360002AAB,79.9414,3,0.49752556718222857
IND363641AAA,IND363621AAB,40.70885,4,0.4150783901867219
IND364004AAB,IND364001AAA,197.5835,1,
IND364004AAB,IND364290AAA,149.2033,4,37.971056186873014
IND364004AAB,IND365560AAB,181.85295000000002,2,3.9109368960646673
IND364290AAA,IND365560AAB,39.5439,1,
IND365560AAA,IND364001AAA,161.5244,1,
IND365560AAA,IND364290AAA,112.1107,3,2.774271744079879
IND365560AAB,IND364290AAA,41.78255,2,2.8294877849179727
IND370001AAA,IND370110AAA,87.7057,2,70.25586703699557
IND370001AAA,IND370615AAB,47.8475,1,
IND370110AAA,IND370001AAA,41.36125,6,2.9256103728396
IND370110AAA,IND370201AAA,96.7097,1,
IND370110AAA,IND370615AAB,92.9591,5,1.310128687190691
IND370201AAA,IND363310AAB,172.3915,1,
IND370201AAA,IND382430AAB,310.83235,8,10.84627379853
IND380006AAA,IND382430AAB,15.2137,18,1.554220015464538
IND380021AAA,IND382430AAB,19.4287,4,0.9739068688363719
IND382421AAA,IND382430AAB,53.0591,2,4.215204944009251
IND382430AAB,IND000000ACB,903.754,17,25.005995755640352
IND382430AAB,IND302014AAA,785.8798,11,52.409784318504705
IND382430AAB,IND306401AAB,480.2489,2,24.351909015927284
IND382430AAB,IND313001AAB,275.7707,1,
IND382430AAB,IND364004AAB,171.05239999999998,11,0.6771788331009724
IND382430AAB,IND370201AAA,366.06815,12,3.0450255039485103
IND382430AAB,IND380005AAA,37.7931,7,7.670046445038496
IND382430AAB,IND380015AAB,15.52985,8,1.8541278355912478
IND382430AAB,IND380054AAA,21.00175,16,2.2803096060257553
IND382430AAB,IND382345AAA,19.847949999999997,6,0.5403170158959156
IND382430AAB,IND382721AAA,54.3009,1,
IND382430AAB,IND384205AAA,101.61975000000001,20,3.518457332710637
IND382430AAB,IND388320AAA,122.95745,4,0.7678651416969872
IND382430AAB,IND389151AAA,213.01105,10,35.6267379900125
IND382430AAB,IND389230AAB,153.8421,1,
IND382430AAB,IND395023AAA,333.2299,7,25.516505216148126
IND382430AAB,IND411033AAA,689.94675,10,18.74323203093438
IND382430AAB,IND421302AAG,555.3886,7,45.500269152532006
IND382430AAB,IND457661AAA,249.1106,11,20.050104715092672
IND382430AAB,IND562132AAA,1534.8735,11,15.437658969445717
IND382721AAA,IND382430AAB,53.3942,1,
IND383001AAA,IND383255AAB,139.6275,1,
IND383001AAA,IND383315AAC,65.1186,1,
IND383001AAA,IND384205AAA,274.7884,1,
IND383255AAB,IND384205AAA,116.1001,2,7.7662951991280815
IND383315AAC,IND383255AAB,94.5153,1,
IND383315AAC,IND384205AAA,196.3403,1,
IND384170AAA,IND384205AAA,226.8715,2,2.593384830679777
IND384170AAA,IND384265AAB,26.82745,2,0.49928809819581693
IND384170AAA,IND385340AAB,129.98235,4,1.915485199412059
IND384205AAA,IND382430AAB,108.1078,19,4.676084738362943
IND384205AAA,IND383001AAA,75.1781,1,
IND384205AAA,IND383255AAB,213.6534,3,1.1920046742078447
IND384205AAA,IND383315AAC,123.7728,1,
IND384205AAA,IND385340AAB,159.1303,5,15.233369167882719
IND384355AAB,IND384205AAA,33.387699999999995,1,
IND385001AAA,IND384205AAA,121.2256,2,3.548827513419044
IND385320AAA,IND384205AAA,132.636,1,
IND385320AAA,IND385340AAB,28.51135,4,2.8304902926289404
IND385535AAA,IND384205AAA,92.3328,1,
IND387001AAA,IND388320AAA,54.9135,4,0.9060218246083609
IND388121AAA,IND388320AAA,103.9537,9,1.172184793451953
IND388121AAA,IND388620AAB,48.9214,1,
IND388220AAA,IND388320AAA,27.3316,1,
IND388320AAA,IND387001AAA,20.5095,1,
IND388320AAA,IND388220AAA,35.29545,2,11.362993841633465
IND388320AAA,IND395023AAA,212.8636,1,
IND388620AAB,IND388320AAA,54.3413,3,0.2307552166257544
IND390018AAB,IND390020AAA,12.0449,1,
IND390020AAA,IND390018AAB,82.2862,1,
IND390020AAA,IND390022AAA,44.4653,2,41.133249989758895
IND390020AAA,IND391110AAD,34.309799999999996,2,0.340401204463202
IND390022AAA,IND388320AAA,50.22935,18,13.378790025075714
IND390022AAA,IND390020AAA,13.4591,1,
IND390022AAA,IND391110AAD,48.2313,1,
IND390022AAA,IND395023AAA,170.71030000000002,4,0.06717347566809975
IND391110AAD,IND390020AAA,35.272,1,
IND395001AAA,IND395023AAD,14.4435,1,
IND395004AAB,IND395023AAD,17.4014,3,1.8855448664333951
IND395006AAA,IND395023AAD,11.19,1,
IND395009AAA,IND395023AAD,17.6174,13,0.7705249579145574
IND395010AAB,IND395023AAA,17.769299999999998,1,
IND395023AAA,IND110037AAM,1181.7478999999998,18,25.259784884260576
IND395023AAA,IND382430AAB,273.03470000000004,12,20.610659037520094
IND395023AAA,IND394221AAA,14.55975,2,5.077238820953767
IND395023AAA,IND411033AAA,420.9191,1,
IND395023AAA,IND421302AAG,267.14025,6,3.9377647886840625
IND395023AAA,IND562132AAA,1251.3522,9,36.18880922017799
IND395023AAD,IND395001AAA,13.6887,7,0.9411067924321365
IND395023AAD,IND395004AAB,16.0027,14,2.091287885924171
IND395023AAD,IND395006AAA,15.0746,13,0.7410510574471841
IND395023AAD,IND395009AAA,15.4329,3,1.040421329718558
IND395023AAD,IND396001AAA,97.8664,3,6.168695696012249
IND396191AAC,IND396210AAA,10.2921,1,
IND396191AAC,IND396232AAA,23.5975,17,3.472879110673585
IND396232AAA,IND396191AAC,24.859900000000003,15,3.117239186172522
IND396321AAA,IND395023AAD,144.5169,1,
IND396321AAA,IND396580AAB,43.0202,9,1.4803715766658052
IND400011AAA,IND400072AAB,16.3912,12,0.6477513778449261
IND400011AAA,IND400072AAD,19.723,53,3.8067289601433663
IND400015AAA,IND400072AAB,17.82595,36,5.052177462575631
IND400015AAB,IND400072AAB,22.0432,6,10.404799918306935
IND400015AAB,IND421302AAG,42.7308,11,1.5200165587016714
IND400016AAA,IND400015AAA,12.2279,1,
IND400016AAB,IND400072AAB,11.184,1,
IND400016AAB,IND400072AAD,14.78,15,1.5609904510857684
IND400037AAA,IND400072AAJ,12.7883,13,6.263364163868388
IND400064AAB,IND400072AAB,12.6353,4,1.0799771448198954
IND400064AAB,IND400072AAD,13.3318,17,0.8020920212720205
IND400072AAB,IND000000AFT,22.4665,67,1.419974363387425
IND400072AAB,IND400011AAA,21.7556,2,0.5926969039905645
IND400072AAB,IND400015AAA,19.9866,60,2.178471552647616
IND400072AAB,IND400015AAB,21.6253,1,
IND400072AAB,IND400701AAB,22.205,3,0.12604296886379632
IND400072AAB,IND401104AAA,20.7678,72,1.389311096279626
IND400072AAB,IND401104AAB,19.5201,1,
IND400072AAB,IND411033AAA,135.9055,8,2.6423097617695857
IND400072AAB,IND421302AAG,28.0774,63,1.9194454246655015
IND400072AAB,IND421302AAR,29.1188,21,1.0035628822445803
IND400072AAB,IND421302AAS,29.1896,2,0.26459935752000363
IND400072AAC,IND400011AAA,21.9665,17,2.1268270400203595
IND400072AAD,IND421302AAG,26.2466,99,1.5926137003694312
IND400072AAI,IND000000AFS,14.7276,1,
IND400072AAJ,IND400037AAA,13.96195,2,0.07445834405894326
IND400102AAB,IND421302AAG,33.37235,14,2.204694223060831
IND400102AAC,IND400052AAA,11.0486,8,0.9306326472390398
IND400102AAC,IND421302AAG,33.0664,23,5.100476239172537
IND400612AAA,IND421302AAR,14.3819,9,0.2007865311994586
IND400701AAA,IND000000AFT,44.996300000000005,11,3.435155274457964
IND400701AAA,IND400705AAA,18.925,1,
IND400701AAA,IND410206AAA,28.668,6,3.092413500595718
IND400701AAB,IND421302AAG,24.006549999999997,2,0.0584777308041281
IND400705AAA,IND421302AAH,29.51055,12,1.6884101844365575
IND400706AAA,IND000000AFT,10.32765,2,0.6122837618294314
IND401104AAA,IND400072AAB,20.3115,31,0.6764498234576716
IND401104AAA,IND401208AAA,23.6464,6,1.1134423159733056
IND401104AAA,IND421302AAG,28.0715,4,1.3319280570536343
IND401104AAB,IND400072AAB,20.0807,5,0.9674614808869637
IND401104AAB,IND421302AAG,28.9035,17,1.0374924042599343
IND401209AAA,IND401104AAA,31.1303,3,0.8139016054372492
IND401209AAB,IND421302AAG,36.464,1,
IND401209AAB,IND421302AAH,35.5823,19,3.211079789713489
IND401501AAA,IND401602AAA,27.7786,1,
IND401602AAA,IND401501AAA,22.491300000000003,1,
IND402107AAA,IND402301AAA,103.8441,7,1.0252717516648397
IND402109AAA,IND402107AAA,157.5181,1,
IND402109AAA,IND402301AAA,60.9953,1,
IND402301AAA,IND402107AAA,85.7096,1,
IND403726AAA,IND411033AAA,516.829,18,13.432706242154104
IND403726AAA,IND575004AAB,353.12265,10,1.3330908538263806
IND403726AAA,IND580028AAA,367.5452,1,
IND403726AAA,IND581314AAA,121.3196,1,
IND403726AAA,IND581325AAA,289.0375,1,
IND403726AAB,IND403002AAA,16.0084,3,2.0650623654827798
IND403726AAB,IND403401AAA,22.2702,3,1.3875228034162166
IND403726AAB,IND403507AAA,28.23555,2,2.1677772590835986
IND403726AAB,IND403601AAA,16.283450000000002,2,0.24274975798134124
IND410206AAA,IND000000AFT,18.9412,1,
IND410206AAB,IND000000AFT,20.5864,12,1.2000015867098102
IND411014AAA,IND411033AAA,29.44,15,7.11737826607389
IND411014AAA,IND411043AAA,17.17015,4,0.6880085585707982
IND411014AAA,IND411048AAA,14.933499999999999,4,1.840474439739204
IND411017AAA,IND412105AAC,20.6432,1,
IND411021AAA,IND411033AAA,12.915,32,1.5388674758882823
IND411033AAA,IND000000AAL,26.2768,17,3.8708337957523082
IND411033AAA,IND000000ACB,1458.8642,18,67.7946542401065
IND411033AAA,IND382430AAB,663.9993,9,38.50995366841683
IND411033AAA,IND400072AAB,134.33705,8,2.9398349526072827
IND411033AAA,IND403726AAA,511.51675,20,10.56833432522662
IND411033AAA,IND410501AAF,36.5693,1,
IND411033AAA,IND410503AAA,59.524,1,
IND411033AAA,IND410505AAB,20.6877,2,2.279005155764242
IND411033AAA,IND411014AAA,26.0875,43,3.0998766960402437
IND411033AAA,IND411021AAA,11.1698,41,1.2816428180221682
IND411033AAA,IND411036AAA,25.9418,32,1.658175308883207
IND411033AAA,IND413401AAA,413.5987,2,13.028583864718389
IND411033AAA,IND416012AAA,255.7328,13,12.379242796030645
IND411033AAA,IND421302AAG,133.1298,66,3.3188681258191144
IND411033AAA,IND431136AAC,244.1986,12,5.955028310443351
IND411033AAA,IND431603AAA,477.6018,15,6.880516059742972
IND411033AAA,IND501359AAE,707.6742,17,19.50563760104142
IND411033AAA,IND562132AAA,857.87605,14,18.38593825858845
IND411033AAA,IND580028AAA,470.3615,1,
IND411033AAB,IND411057AAF,20.3805,1,
IND411036AAA,IND411033AAA,26.8761,33,4.1521587019950275
IND412105AAC,IND411017AAA,18.21235,32,2.2913734132483805
IND412210AAC,IND411033AAA,98.995,1,
IND413002AAA,IND413304AAA,73.5584,3,2.212808826657497
IND413002AAA,IND413307AAB,164.4991,2,2.2439326594174007
IND413002AAA,IND413307AAC,89.4708,1,
IND413002AAA,IND415301AAB,129.47365000000002,2,2.202708334074213
IND413002AAA,IND501359AAE,400.15999999999997,4,0.7123470426461119
IND413304AAA,IND413002AAA,74.0871,1,
IND413304AAA,IND413307AAB,94.93405,2,3.52358380133069
IND413307AAB,IND413002AAA,106.7281,1,
IND413307AAC,IND413002AAA,113.0614,1,
IND413709AAA,IND422011AAD,190.2529,2,4.750060513298755
IND414001AAA,IND411033AAA,164.1687,1,
IND415003AAA,IND411033AAA,138.5053,1,
IND415124AAA,IND415709AAA,122.5495,3,1.0175912555310855
IND415408AAC,IND416012AAA,66.4405,3,7.230120242430275
IND415409AAB,IND415605AAA,121.2485,1,
IND415409AAB,IND415709AAA,153.2586,5,1.1699938354538553
IND415409AAB,IND416012AAA,355.47335,2,3.6713691185986606
IND415409AAB,IND416122AAA,347.4858,1,
IND415605AAA,IND416012AAA,238.9545,1,
IND415709AAA,IND416012AAA,205.431,1,
IND416012AAA,IND382430AAB,978.8525,3,61.508057847515694
IND416012AAA,IND411033AAA,249.1212,8,9.10390024345924
IND416012AAA,IND415408AAC,251.95735,2,0.3844539569311267
IND416012AAA,IND415612AAA,134.0882,2,0.5241075462154634
IND416012AAA,IND415709AAA,197.5189,3,0.8417205019086493
IND416012AAA,IND416404AAA,273.8023,3,14.250609418898533
IND416012AAA,IND586101AAA,189.14780000000002,2,8.995246784830305
IND416122AAA,IND382430AAB,900.8625,1,
IND416404AAA,IND416012AAA,143.9007,1,
IND416510AAA,IND411033AAA,408.66605000000004,2,0.6066269075799798
IND416510AAA,IND416606AAA,60.27955,6,5.405770329071207
IND416602AAC,IND411033AAA,360.8444,1,
IND416606AAA,IND416510AAA,46.59195,2,0.462377124217886
IND421301AAA,IND421302AAR,12.5547,15,0.8575348804789782
IND421302AAF,IND421302AAR,11.7166,11,0.20925868375595
IND421302AAG,IND000000ACB,1413.37685,26,49.34587970005137
IND421302AAG,IND000000AFT,22.8944,28,4.60674154267331
IND421302AAG,IND110037AAM,1474.1167,19,43.873668726249
IND421302AAG,IND160002AAC,1674.6328,15,35.5155101444318
IND421302AAG,IND382430AAB,507.1398,9,10.42250483796962
IND421302AAG,IND395023AAA,253.5541,11,5.3367406446938395
IND421302AAG,IND400015AAA,43.1328,39,2.458197131917153
IND421302AAG,IND400015AAB,43.01115,28,3.214176152864092
IND421302AAG,IND400072AAA,27.56055,28,1.8250159148686373
IND421302AAG,IND400072AAB,27.3482,105,2.130461342901791
IND421302AAG,IND400072AAJ,27.4615,38,2.228555128788239
IND421302AAG,IND400078AAB,16.2015,1,
IND421302AAG,IND400102AAB,33.14305,28,2.5270680660971205
IND421302AAG,IND400102AAC,33.05015,56,2.5670684529238317
IND421302AAG,IND400701AAB,22.91845,14,1.0204559444216568
IND421302AAG,IND401104AAA,29.0189,63,1.7065876442078889
IND421302AAG,IND401104AAB,28.811,9,1.2240248916087366
IND421302AAG,IND410401AAA,95.4878,2,1.8086377249189465
IND421302AAG,IND411033AAA,131.65305,62,5.2413538566650315
IND421302AAG,IND421401AAC,41.4991,2,1.8824596728748257
IND421302AAG,IND444005AAB,568.5761,20,11.545351243448811
IND421302AAG,IND462022AAA,810.3546,11,42.532246855143995
IND421302AAG,IND501359AAE,835.3715,31,23.005775873378596
IND421302AAG,IND521225AAB,1249.4290500000002,10,29.81717196288071
IND421302AAG,IND562132AAA,984.9962499999999,16,22.697406502211294
IND421302AAG,IND600056AAB,1346.30675,14,26.724308203832106
IND421302AAG,IND712311AAA,2586.8738,9,33.19814644599906
IND421302AAG,IND781018AAB,3250.869,1,
IND421302AAG,IND834002AAB,2046.6799,3,16.044484481590327
IND421302AAN,IND400072AAB,27.908,16,3.2700858958901984
IND421302AAR,IND400612AAA,14.2456,13,0.5577802099071846
IND421302AAR,IND421004AAA,13.973749999999999,20,1.2901594234006404
IND421302AAR,IND421301AAA,12.8431,17,0.9200260708822015
IND421401AAC,IND421302AAG,68.72840000000001,3,0.5082779193840077
IND421502AAA,IND421302AAR,19.0552,10,1.858268425054775
IND421601AAB,IND421302AAG,42.3525,3,0.20424373511404348
IND422011AAD,IND423109AAA,91.7823,1,
IND422011AAD,IND423601AAA,200.7254,1,
IND422103AAC,IND422011AAD,280.1609,1,
IND423106AAA,IND423301AAB,70.9246,4,1.3952150667549394
IND423109AAA,IND422011AAD,221.9517,1,
IND423601AAA,IND422011AAD,167.5142,1,
IND423701AAB,IND422011AAD,107.0179,1,
IND424006AAA,IND423105AAA,111.3083,1,
IND424006AAA,IND423106AAA,90.86685,2,8.831975829054327
IND424006AAA,IND423301AAB,153.481,3,2.7896350316842584
IND424006AAA,IND424101AAA,58.7758,7,7.766283829262662
IND424006AAA,IND425405AAA,197.9453,2,30.195722298365364
IND424006AAA,IND425406AAA,188.6177,1,
IND424006AAA,IND425412AAA,99.8411,1,
IND424006AAA,IND431103AAA,88.4825,1,
IND424006AAA,IND452001AAC,107.4153,1,
IND424304AAC,IND424006AAA,117.7609,1,
IND425201AAA,IND452001AAC,150.254,1,
IND425405AAA,IND424006AAA,62.6996,5,2.3593623689463183
IND425412AAA,IND424006AAA,153.15030000000002,2,6.206417639830571
IND425508AAB,IND450331AAA,24.526699999999998,2,0.8916616510762346
IND425508AAB,IND452001AAC,107.2122,2,2.044811389835256
IND431112AAB,IND431136AAC,75.487,1,
IND431136AAC,IND411033AAA,238.7411,13,3.9728749244899486
IND431136AAC,IND414502AAA,229.5578,1,
IND431136AAC,IND431001AAA,15.32695,2,0.3298653134235244
IND431136AAC,IND431107AAB,256.7865,1,
IND431136AAC,IND431112AAB,142.0936,1,
IND431136AAC,IND431122AAA,137.4653,1,
IND431136AAC,IND431203AAA,74.0827,3,128.2950494704037
IND431603AAA,IND411033AAA,488.7087,11,12.409093213226567
IND431603AAA,IND413517AAA,151.8851,2,62.88229894413849
IND431603AAA,IND431515AAA,104.1898,1,
IND431603AAA,IND431517AAB,125.8757,3,0.07934406089934568
IND431708AAA,IND411033AAA,449.0002,1,
IND441206AAB,IND441603AAA,99.0517,3,0.6613585285859189
IND441206AAB,IND442605AAA,68.2492,5,29.6057516423245
IND441614AAA,IND481001AAA,38.9986,9,1.0685841884371017
IND441904AAB,IND441107AAB,135.7238,11,0.6079613459602609
IND441904AAB,IND441912AAA,31.3896,1,
IND442001AAA,IND442101AAB,17.1115,1,
IND442001AAA,IND445001AAB,69.17325,4,0.7125980844767943
IND442101AAB,IND445001AAB,52.178200000000004,8,2.350773676860753
IND443301AAA,IND444203AAA,84.6544,1,
IND444005AAB,IND000000AAZ,181.1889,1,
IND444005AAB,IND421302AAG,571.4162,1,
IND444005AAB,IND443301AAA,112.5085,1,
IND444203AAA,IND444005AAB,50.1625,1,
IND444602AAA,IND421302AAG,668.0366,19,3.5201812609331165
IND444602AAA,IND444005AAB,95.8369,2,0.17465537495308722
IND445101AAA,IND440014AAA,45.6356,1,
IND451666AAA,IND421302AAG,397.0441,9,16.195928747536446
IND451666AAA,IND462022AAA,1224.1432,1,
IND452001AAC,IND450331AAA,89.6898,1,
IND454001AAA,IND382430AAB,593.2818,15,41.964575224516416
IND454001AAA,IND457001AAA,97.2769,2,13.101698705893073
IND457001AAA,IND382430AAB,414.9465,4,38.78462221012988
IND458664AAA,IND312001AAA,159.3825,4,4.909043579201545
IND460001AAA,IND480106AAA,125.6867,1,
IND461111AAA,IND480106AAA,279.9303,15,55.99542982490114
IND462001AAA,IND462022AAA,14.8912,26,2.26955845999579
IND462011AAA,IND462022AAA,13.35785,4,0.9715156625088439
IND462021AAA,IND462022AAA,26.1867,1,
IND462022AAA,IND000000ACB,1191.0474,27,150.03305228445583
IND462022AAA,IND206001AAA,883.6564999999999,1,
IND462022AAA,IND462001AAA,14.388300000000001,2,1.181716852718958
IND462022AAA,IND462011AAA,12.36425,8,0.7184617445576746
IND462022AAA,IND462042AAA,20.8394,1,
IND462022AAA,IND465001AAA,191.30925000000002,4,1.3766505547886998
IND462022AAA,IND465333AAA,320.4189,1,
IND462022AAA,IND465683AAA,137.8388,1,
IND462022AAA,IND466116AAA,101.752,3,0.8942272026727915
IND462022AAA,IND480106AAA,298.9552,5,30.827544215246864
IND462022AAA,IND842003AAB,328.51845000000003,8,34.58301804419331
IND462042AAA,IND462022AAA,19.5416,1,
IND464001AAA,IND462022AAA,461.2257,1,
IND464668AAA,IND462022AAA,132.2456,1,
IND465669AAB,IND462022AAA,328.8817,1,
IND465683AAA,IND462022AAA,278.6744,3,29.459505816798774
IND466001AAA,IND462022AAA,146.2449,1,
IND466116AAA,IND462022AAA,98.7743,1,
IND470004AAA,IND470113AAA,83.0555,3,86.67834657054398
IND470004AAA,IND470227AAB,340.15985,2,90.32999215877858
IND470117AAA,IND470227AAB,183.6239,2,18.902095631966315
IND471001AAA,IND472001AAA,98.4975,3,3.8050468293219817
IND471001AAA,IND485001AAC,338.0759,2,2.5987588422168124
IND472001AAA,IND474003AAA,306.10970000000003,1,
IND472001AAA,IND485001AAC,242.0478,2,0.1486338454054025
IND473001AAA,IND473226AAA,120.1259,1,
IND473226AAA,IND000000ACB,645.0871,9,3.730450305928217
IND473226AAA,IND474003AAA,249.5446,1,
IND473331AAA,IND473226AAA,77.2017,6,0.7697461425690897
IND473443AAA,IND470113AAA,74.8052,1,
IND473443AAA,IND470117AAA,95.966,1,
IND473443AAA,IND470227AAB,243.6855,3,12.571839083045868
IND474003AAA,IND000000ACB,408.29665,12,20.41076768463305
IND474003AAA,IND473551AAA,117.6842,1,
IND474003AAA,IND476111AAA,72.1699,1,
IND476111AAA,IND474003AAA,141.21974999999998,2,0.9296332852259555
IND476111AAA,IND477001AAA,62.7836,1,
IND480001AAA,IND480661AAA,73.7536,2,0.3880602015151773
IND480001AAA,IND842003AAB,371.2579,3,52.215084065271185
IND481661AAA,IND842003AAB,180.282,1,
IND482002AAA,IND842003AAB,11.65375,2,1.912653132431494
IND483770AAA,IND842003AAB,130.1418,1,
IND484001AAA,IND484446AAA,114.41465,2,0.5162586609442985
IND484001AAA,IND842003AAB,439.1002,2,4.5184123317820495
IND484446AAA,IND842003AAB,321.6222,1,
IND484661AAE,IND484001AAA,63.6639,1,
IND484661AAE,IND484224AAA,114.7112,1,
IND487001AAB,IND464668AAA,140.5623,1,
IND487551AAA,IND464668AAA,91.3573,1,
IND488001AAA,IND485001AAC,401.8722,1,
IND491001AAA,IND494334AAB,132.5638,1,
IND492001AAB,IND492007AAA,11.08955,8,1.691084825109103
IND493118AAC,IND491995AAB,133.3393,9,5.578079616628324
IND493118AAC,IND495334AAB,54.247150000000005,2,0.8955507383727603
IND493445AAB,IND490023AAA,86.438,1,
IND494334AAB,IND493445AAB,176.5804,11,11.827515491375486
IND495004AAA,IND495671AAA,61.5664,1,
IND495334AAB,IND491995AAB,85.6362,3,0.98525005117145
IND495677AAA,IND496001AAA,160.8519,7,17.24432740313945
IND500008AAC,IND500084AAB,13.8801,1,
IND500008AAC,IND501359AAE,24.6676,13,2.411995722718069
IND500008AAD,IND501359AAE,24.7667,6,3.274293259112057
IND500008AAF,IND500039AAC,18.3747,11,1.2708610374645437
IND500010AAA,IND500055AAA,15.9111,1,
IND500010AAA,IND501359AAE,53.9523,9,5.810162948661593
IND500010AAA,IND501401AAC,20.0311,1,
IND500010AAB,IND501359AAE,62.603100000000005,39,20.463652398844363
IND500018AAA,IND500080AAB,14.5286,4,0.8266440507659063
IND500032AAA,IND500050AAA,60.62575,2,7.016832721748468
IND500032AAA,IND502295AAA,27.8201,2,0.36925116113561374
IND500039AAB,IND500039AAC,27.964100000000002,2,0.7957779715473436
IND500039AAC,IND500035AAA,10.8447,1,
IND500039AAC,IND501359AAE,37.1575,15,4.445272595476596
IND500039AAC,IND508223AAA,104.4141,1,
IND500039AAC,IND508277AAB,78.91749999999999,1,
IND500039AAD,IND501359AAE,42.0263,8,1.556511287417198
IND500050AAA,IND501359AAE,36.9655,21,1.8109530100527316
IND500055AAA,IND500010AAA,23.329700000000003,2,15.319892678475266
IND500055AAC,IND500010AAA,31.1157,11,3.894695054838288
IND500055AAC,IND501401AAC,15.386800000000001,6,0.6108660925276502
IND500080AAB,IND501359AAE,28.86555,20,6.512215708117524
IND501101AAB,IND501359AAE,72.1446,1,
IND501359AAE,IND000000ACB,1795.9638,12,36.58993639720815
IND501359AAE,IND411033AAA,668.5228,1,
IND501359AAE,IND413002AAA,327.41295,2,0.7066118064397005
IND501359AAE,IND421302AAG,773.903,28,25.42014332997855
IND501359AAE,IND462022AAA,901.0554,4,28.967533835586206
IND501359AAE,IND500008AAC,26.954500000000003,19,0.8953314277716138
IND501359AAE,IND500010AAA,55.7247,12,7.696462174547632
IND501359AAE,IND500010AAB,72.8458,33,15.723210399749528
IND501359AAE,IND500039AAC,38.3674,10,5.01669869819231
IND501359AAE,IND500039AAD,40.278499999999994,6,2.689309735539339
IND501359AAE,IND500050AAA,34.7151,13,2.225660021956034
IND501359AAE,IND500080AAB,31.1614,24,2.506715588334086
IND501359AAE,IND501141AAA,111.4998,1,
IND501359AAE,IND501218AAC,70.8735,6,19.833678807565345
IND501359AAE,IND503111AAC,171.5052,1,
IND501359AAE,IND506143AAA,209.07704999999999,2,6.26560247741588
IND501359AAE,IND508248AAB,123.3365,1,
IND501359AAE,IND508377AAB,169.9023,5,1.132145369199555
IND501359AAE,IND509301AAA,143.3315,1,
IND501359AAE,IND515004AAA,359.4898,1,
IND501359AAE,IND518002AAA,218.8024,5,11.130168193248482
IND501359AAE,IND523002AAA,455.7412,1,
IND501359AAE,IND530012AAA,627.9448,1,
IND501359AAE,IND533106AAA,845.43335,2,31.790177379262964
IND501359AAE,IND562132AAA,590.4928,24,20.894630508649158
IND501359AAE,IND585104AAA,251.0015,21,3.541964362112658
IND501359AAE,IND600056AAB,787.7882999999999,11,85.22892381230041
IND501359AAE,IND712311AAA,1494.6127,9,15.236681357591609
IND501359AAE,IND751002AAB,1072.5715,1,
IND501359AAG,IND000000ACN,23.5479,11,3.813737261746851
IND501401AAC,IND500010AAA,13.963049999999999,2,0.6726706809427632
IND503111AAC,IND501359AAE,182.1633,11,9.21536427213715
IND503111AAC,IND502313AAA,228.5353,13,3.9604572206909427
IND503111AAC,IND503185AAA,85.9478,1,
IND503187AAA,IND502313AAA,110.9973,1,
IND504201AAA,IND505001AAB,130.8288,1,
IND504215AAA,IND505326AAB,64.6296,1,
IND504251AAA,IND504293AAA,66.03,1,
IND504251AAA,IND505001AAB,188.1152,3,39.28655902302975
IND504293AAA,IND505001AAB,145.9174,2,0.5577658289999652
IND505001AAA,IND505001AAB,161.97469999999998,9,38.084348959911054
IND505001AAA,IND505425AAA,132.0791,1,
IND505001AAB,IND504208AAB,84.32585,2,0.1563413093203506
IND505001AAB,IND504251AAA,106.8692,1,
IND505001AAB,IND505184AAC,69.744,1,
IND505001AAB,IND505209AAA,65.8169,4,14.81810272096825
IND505122AAA,IND506002AAA,48.5856,1,
IND505184AAC,IND505001AAB,68.4356,2,0.3549676041556486
IND505184AAC,IND505209AAA,19.5174,1,
IND505209AAA,IND504201AAA,38.2068,1,
IND505209AAA,IND505001AAB,64.3014,4,53.694866589235815
IND505209AAA,IND505184AAC,117.9409,1,
IND505302AAB,IND505001AAB,155.5371,3,39.75767418754943
IND505327AAA,IND505001AAB,94.6413,1,
IND505327AAA,IND505425AAA,27.481900000000003,1,
IND505467AAA,IND506002AAA,98.2488,1,
IND506001AAC,IND505122AAA,93.4244,1,
IND506001AAC,IND506002AAA,139.90265,14,21.56485804884577
IND506002AAA,IND501359AAE,172.9822,1,
IND506002AAA,IND506132AAA,34.2839,1,
IND506002AAA,IND506164AAA,171.0398,1,
IND506002AAA,IND506169AAB,90.4319,1,
IND506002AAA,IND506314AAA,218.89005,2,1.9866165017436153
IND506002AAA,IND507123AAA,122.26,1,
IND506143AAA,IND501359AAE,143.9346,1,
IND507002AAA,IND507117AAB,135.5658,1,
IND507002AAA,IND507159AAA,90.09895,2,0.028213560569340296
IND507002AAA,IND508001AAA,115.2519,1,
IND507111AAA,IND507002AAA,230.52,9,18.973622956737714
IND507111AAA,IND507117AAB,35.2332,1,
IND507111AAA,IND507303AAA,150.8969,1,
IND507159AAA,IND507002AAA,181.55075,2,12.218875889581664
IND508116AAA,IND500039AAC,178.95,2,1.9872528978466741
IND508207AAB,IND501359AAE,544.33,5,8.585829047214967
IND508223AAA,IND500039AAC,109.5132,1,
IND509001AAA,IND501359AAE,131.72915,2,0.6100210201296473
IND509103AAB,IND518002AAA,77.6029,1,
IND509301AAA,IND501359AAE,55.3282,1,
IND509358AAA,IND501359AAE,278.5999,1,
IND515004AAA,IND501359AAE,339.2617,7,2.807813948608424
IND515004AAA,IND515865AAB,184.8264,1,
IND515134AAA,IND561202AAB,109.6522,2,1.7096427755528345
IND515201AAA,IND515134AAA,117.77629999999999,4,2.593590610845643
IND515301AAA,IND515134AAA,84.23595,2,3.890006535341559
IND515401AAB,IND515761AAA,149.2998,1,
IND515591AAA,IND515004AAA,252.6219,1,
IND515671AAA,IND515004AAA,330.0514,1,
IND515801AAA,IND515004AAA,189.2335,1,
IND517325AAA,IND517408AAA,46.6587,1,
IND517501AAB,IND516101AAA,103.4085,1,
IND517501AAB,IND516115AAA,141.7272,1,
IND517501AAB,IND524132AAA,86.0369,1,
IND518002AAA,IND501359AAE,201.1417,1,
IND518002AAA,IND509103AAB,436.5665,3,138.69501163835466
IND518002AAA,IND509124AAA,166.0736,1,
IND518002AAA,IND518102AAA,177.5439,2,0.19106025227659695
IND518002AAA,IND518124AAA,116.55744999999999,4,3.556040967611783
IND518002AAA,IND518206AAA,135.4803,6,28.647586605116796
IND518002AAA,IND518222AAA,152.1143,1,
IND518002AAA,IND518422AAB,64.0065,3,0.8130965440831774
IND518002AAA,IND584101AAA,110.8991,1,
IND518102AAA,IND518002AAA,176.6869,1,
IND518422AAB,IND518002AAA,284.1214,5,0.9347213691790689
IND518422AAB,IND518102AAA,108.5137,1,
IND520011AAA,IND521185AAA,70.0119,1,
IND520011AAA,IND521225AAB,104.0267,7,16.318123166487826
IND521001AAA,IND521225AAB,70.47229999999999,1,
IND521225AAB,IND501359AAE,381.0455,3,36.586632600491306
IND521225AAB,IND520011AAA,101.307,1,
IND521225AAB,IND521001AAA,84.4019,13,1.76713092015684
IND521225AAB,IND521165AAA,242.456,1,
IND521225AAB,IND521201AAA,52.7479,1,
IND521225AAB,IND521333AAA,94.8247,4,13.93888785448825
IND521225AAB,IND523002AAA,140.6062,3,0.048567067031052895
IND521225AAB,IND534001AAA,73.2938,1,
IND522647AAA,IND523201AAA,42.490300000000005,6,0.5622718310568287
IND523002AAA,IND522647AAA,172.3369,1,
IND523002AAA,IND523201AAA,212.38324999999998,4,73.26242663662367
IND523002AAA,IND523230AAA,78.982,1,
IND523002AAA,IND523316AAB,92.637,1,
IND523002AAA,IND524201AAA,171.3368,3,5.875029290139748
IND523226AAA,IND522647AAA,146.0208,1,
IND523226AAA,IND523002AAA,225.33525,2,2.45231702783306
IND523226AAA,IND523201AAA,192.01075,6,1.828418381826214
IND523316AAB,IND523201AAA,120.8307,1,
IND524003AAA,IND501359AAE,472.6057,1,
IND524101AAB,IND517501AAB,98.4242,1,
IND530012AAA,IND501359AAE,613.5524,1,
IND530012AAA,IND531036AAA,44.6096,1,
IND530012AAA,IND531162AAA,16.1693,7,5.072281896975065
IND530012AAA,IND532001AAB,111.49285,2,0.36168511857691266
IND530012AAA,IND535001AAA,77.5686,5,40.27000485916286
IND530012AAA,IND712311AAA,935.1771,1,
IND530012AAA,IND764020AAC,211.1522,1,
IND530012AAA,IND764059AAA,274.3529,1,
IND530012AAA,IND764071AAB,287.6849,1,
IND530026AAA,IND530012AAA,85.15735000000001,4,1.8762914965431188
IND531163AAA,IND530012AAA,96.1642,1,
IND532001AAB,IND532222AAA,82.0109,9,8.62018400949191
IND532001AAB,IND535501AAB,108.51535000000001,4,0.9395046584947532
IND532222AAA,IND532001AAB,191.0989,1,
IND533003AAA,IND533106AAA,106.44050000000001,4,63.525796729432436
IND533106AAA,IND533201AAA,141.16195,2,60.23241628164189
IND533106AAA,IND533242AAA,106.98,2,20.87591350097044
IND533106AAA,IND533262AAA,133.6141,1,
IND533201AAA,IND533262AAA,46.80330000000001,2,1.1064806912007108
IND533308AAB,IND533106AAA,205.8566,1,
IND535501AAB,IND532001AAB,87.4134,1,
IND560002AAA,IND560099AAB,18.2782,18,7.1621740590245855
IND560002AAA,IND562132AAA,33.9055,22,6.8940099594044675
IND560027AAA,IND560099AAA,19.7179,4,10.756819518178535
IND560043AAC,IND560064AAA,13.569749999999999,2,0.7551193316291134
IND560043AAC,IND560099AAB,32.91985,24,8.583997969113808
IND560043AAC,IND562132AAA,32.2888,16,6.480032466482454
IND560048AAB,IND560099AAB,29.497799999999998,26,7.009283405713839
IND560048AAB,IND562132AAA,38.8676,17,2.6260222594930407
IND560058AAB,IND560060AAB,16.935299999999998,8,1.4550112698998974
IND560058AAB,IND560099AAB,44.954449999999994,22,8.018818261881107
IND560058AAB,IND562132AAA,14.06465,14,3.134017907171643
IND560058AAD,IND562132AAA,15.111149999999999,36,5.418710670196518
IND560060AAB,IND560099AAB,31.8402,15,5.877247761600502
IND560060AAB,IND562132AAA,27.7066,19,3.467338474058194
IND560064AAD,IND560043AAC,14.5691,4,1.8124671718866157
IND560067AAC,IND560048AAB,35.05635,8,4.774115174264533
IND560067AAC,IND562114AAA,14.1172,5,1.4647657720605027
IND560077AAA,IND560099AAB,49.5145,1,
IND560078AAC,IND560099AAB,22.4053,20,4.352638083093372
IND560078AAC,IND562132AAA,38.0977,16,1.4394453840368515
IND560083AAB,IND562132AAA,41.2667,31,0.7404454626225211
IND560099AAB,IND000000ACS,19.4779,1,
IND560099AAB,IND501359AAE,612.8288,10,12.24327191399876
IND560099AAB,IND518002AAA,466.7937,1,
IND560099AAB,IND560002AAA,20.2365,25,9.718298278733435
IND560099AAB,IND560043AAC,29.2502,37,3.991947006518606
IND560099AAB,IND560048AAB,27.52515,34,3.0576414707258723
IND560099AAB,IND560058AAB,33.91695,38,8.763048626968013
IND560099AAB,IND560058AAD,50.7949,3,0.9829486880470046
IND560099AAB,IND560060AAB,34.6764,31,8.423173508538587
IND560099AAB,IND560077AAA,75.0205,1,
IND560099AAB,IND560078AAC,20.6197,28,6.64818184883446
IND560099AAB,IND560085AAA,19.592,17,2.2350413578552706
IND560099AAB,IND560300AAA,61.269000000000005,121,7.280378205201955
IND560099AAB,IND562132AAA,53.0272,79,6.352932229723727
IND560099AAG,IND560099AAB,10.892,2,2.2088601630705385
IND560099AAH,IND562125AAA,11.646,1,
IND560300AAA,IND000000ACS,45.9647,1,
IND560300AAA,IND560002AAA,32.1261,20,4.13807026267584
IND560300AAA,IND560043AAC,41.635000000000005,33,6.5102126652062715
IND560300AAA,IND560048AAB,37.96395,4,2.4243004824416183
IND560300AAA,IND560058AAB,36.416,1,
IND560300AAA,IND560060AAB,48.921,36,4.2309156985323275
IND560300AAA,IND560078AAC,41.1382,16,4.518836712174015
IND560300AAA,IND560085AAA,40.3664,18,4.153771664969788
IND560300AAA,IND560099AAB,72.47649999999999,86,8.848280977540254
IND560300AAA,IND562132AAA,54.1426,108,6.23569529424656
IND560300AAA,IND563125AAB,130.37045,2,30.748891933287613
IND560300AAB,IND563101AAB,71.2735,2,9.433511567809736
IND560300AAB,IND563116AAA,104.8828,1,
IND560300AAB,IND563131AAB,121.5559,5,3.540639510455708
IND561203AAB,IND572101AAA,136.0108,1,
IND562101AAA,IND562108AAA,83.441,2,5.686835577014685
IND562114AAA,IND560048AAB,16.5081,1,
IND562114AAA,IND560067AAC,11.3663,1,
IND562125AAA,IND000000ACS,16.7946,1,
IND562132AAA,IND000000ACB,2333.7005,37,41.56073611470096
IND562132AAA,IND000000ACS,34.8577,6,17.116960843960204
IND562132AAA,IND110037AAM,2306.5554,14,76.85608586120165
IND562132AAA,IND160002AAC,2615.8167,17,48.917554436352
IND562132AAA,IND382430AAB,1540.587,13,39.24349924820965
IND562132AAA,IND421302AAG,976.8971,9,15.60510104613233
IND562132AAA,IND462022AAA,1489.4722,3,65.59686157502783
IND562132AAA,IND501359AAE,576.9592,19,13.734032653496538
IND562132AAA,IND515004AAA,221.4243,3,7.245660090242526
IND562132AAA,IND560002AAA,25.8971,25,7.053691638822895
IND562132AAA,IND560043AAC,28.578899999999997,22,3.569747494135
IND562132AAA,IND560048AAB,38.853750000000005,18,1.7484418492744076
IND562132AAA,IND560058AAB,13.9027,20,1.1598599983006117
IND562132AAA,IND560058AAD,15.8462,57,0.6029227625962065
IND562132AAA,IND560060AAB,25.8034,24,4.844152538228249
IND562132AAA,IND560066AAB,45.862449999999995,2,6.467127910054046
IND562132AAA,IND560078AAC,36.3929,25,7.958346024003145
IND562132AAA,IND560083AAB,39.628299999999996,50,5.695704672583524
IND562132AAA,IND560085AAA,31.4103,11,6.456745207427372
IND562132AAA,IND560099AAB,52.186,97,5.415585515902569
IND562132AAA,IND560300AAA,42.6567,151,7.8523045469081945
IND562132AAA,IND562117AAA,240.9314,1,
IND562132AAA,IND572101AAA,60.0142,3,2.2337776911172997
IND562132AAA,IND573201AAB,169.66935,2,11.105465551925313
IND562132AAA,IND574211AAA,384.481,2,0.037618080759147195
IND562132AAA,IND575004AAB,365.6033,9,7.265900574104894
IND562132AAA,IND577501AAA,189.08015,2,1.352765983087974
IND562132AAA,IND580028AAA,391.5484,11,4.3291605884869995
IND562132AAA,IND600056AAB,364.9453,3,11.52224340323241
IND562132AAA,IND632006AAA,256.15840000000003,3,8.669771260150592
IND562132AAA,IND636705AAB,177.5377,1,
IND562132AAA,IND641062AAD,128.49105,6,67.00551595918056
IND562132AAA,IND683511AAA,589.2606,16,29.406821608508935
IND562132AAA,IND683511AAB,560.0931,1,
IND562132AAA,IND712311AAA,1963.3242500000001,18,27.01342004514772
IND562132AAC,IND000000ACB,2307.1374,1,
IND563131AAB,IND560300AAB,114.29305,2,2.1358160325739655
IND563131AAB,IND563116AAA,17.9411,2,0.0855599205235688
IND570020AAA,IND571114AAA,74.9747,1,
IND570020AAA,IND571213AAA,88.4373,4,2.2790282071897816
IND570020AAA,IND571430AAA,67.8181,1,
IND571111AAB,IND570020AAA,185.3699,2,5.459430036185094
IND571401AAA,IND562132AAA,140.8492,1,
IND571432AAB,IND573142AAA,234.1337,1,
IND571432AAB,IND573201AAB,278.71574999999996,6,53.48762912280746
IND571438AAB,IND562132AAA,168.0822,1,
IND572101AAA,IND561207AAB,124.4855,2,1.956564463543174
IND572101AAA,IND562101AAA,84.18939999999999,1,
IND572101AAA,IND562108AAA,168.5091,8,13.837077344764687
IND573103AAA,IND573201AAB,80.6887,1,
IND573201AAB,IND571426AAA,71.2945,1,
IND573201AAB,IND572201AAB,55.8021,1,
IND573201AAB,IND573142AAA,209.58915000000002,2,89.59191410057605
IND573201AAB,IND577101AAA,134.50029999999998,2,32.7710051954468
IND573201AAB,IND577116AAA,92.4754,1,
IND574104AAA,IND574216AAA,54.22585,2,0.1362594767346492
IND574104AAA,IND575004AAB,108.2402,1,
IND574117AAA,IND403726AAA,228.9011,1,
IND574202AAA,IND562132AAA,407.0852,2,5.015508398956174
IND574211AAA,IND562132AAA,399.2579,1,
IND574211AAA,IND574239AAA,60.3281,1,
IND574227AAA,IND574216AAA,72.402,3,1.3351761693998696
IND574227AAA,IND575004AAB,138.76454999999999,4,5.386190525470359
IND575004AAB,IND403726AAA,278.24825,6,71.9866899882309
IND575004AAB,IND562132AAA,394.7693,5,49.839545542189676
IND575004AAB,IND574104AAA,52.0722,1,
IND575004AAB,IND574117AAA,33.8834,1,
IND575004AAB,IND574211AAA,23.6463,1,
IND575004AAB,IND574216AAA,108.7978,1,
IND575004AAB,IND574221AAA,122.9941,1,
IND575004AAB,IND576101AAA,59.3891,1,
IND575004AAB,IND671323AAD,24.522850000000002,2,0.27867078246561955
IND576101AAA,IND403726AAA,284.4013,1,
IND576201AAA,IND403726AAA,205.2128,1,
IND577002AAA,IND581110AAE,77.84,1,
IND577002AAA,IND581119AAB,125.66220000000001,2,2.739755934385403
IND577101AAA,IND573201AAB,112.4987,1,
IND577116AAA,IND577101AAA,52.0094,1,
IND577132AAD,IND573201AAB,84.2761,1,
IND577598AAC,IND580028AAA,246.7119,1,
IND580028AAA,IND562132AAA,497.8554,11,78.1113437670099
IND580028AAA,IND577201AAA,258.81854999999996,2,6.178769764686133
IND580028AAA,IND577401AAA,163.7553,1,
IND580028AAA,IND580002AAA,26.02915,2,0.36734197282641196
IND580028AAA,IND581402AAA,92.5153,1,
IND580028AAA,IND582101AAB,281.0996,1,
IND580028AAA,IND582209AAA,237.5252,1,
IND580028AAA,IND590016AAA,102.89505,8,0.7614541932334837
IND580028AAA,IND591302AAB,138.9782,1,
IND580028AAA,IND591307AAC,71.9207,5,1.4992625894085445
IND581115AAC,IND581119AAB,88.00959999999999,1,
IND581119AAB,IND577002AAA,53.5769,1,
IND581303AAA,IND403726AAA,296.0308,1,
IND581314AAA,IND575004AAB,231.4873,1,
IND581320AAA,IND403726AAA,215.784,1,
IND583101AAA,IND583201AAA,64.65665,8,0.8046685772948495
IND583201AAA,IND583101AAA,80.5787,1,
IND583201AAA,IND583227AAA,33.2019,1,
IND583227AAA,IND583201AAA,73.8995,1,
IND584101AAA,IND518002AAA,171.9952,2,1.1723830432073068
IND584101AAA,IND583121AAA,118.8943,1,
IND584101AAA,IND584123AAA,47.3811,1,
IND584128AAA,IND583121AAA,32.818,1,
IND585104AAA,IND501359AAE,428.33885,20,12.435135164011557
IND585104AAA,IND585211AAA,146.161,1,
IND585104AAA,IND585307AAB,113.6209,1,
IND585104AAA,IND585314AAA,252.9041,1,
IND585222AAA,IND585104AAA,110.8648,1,
IND585330AAE,IND501359AAE,352.5045,1,
IND585401AAA,IND501359AAE,288.984,1,
IND586128AAA,IND585104AAA,195.5985,1,
IND586211AAA,IND585104AAA,149.0118,1,
IND587103AAB,IND580028AAA,177.4213,1,
IND591102AAA,IND580002AAA,146.8674,2,2.7786468073506527
IND591102AAA,IND580028AAA,122.87975,4,60.80297300105207
IND591102AAA,IND580030AAA,163.8288,1,
IND591102AAA,IND591307AAC,46.306,3,1.9555155875966121
IND591123AAC,IND580028AAA,226.5473,1,
IND591126AAA,IND591307AAC,83.2961,1,
IND591201AAA,IND586101AAA,150.6253,1,
IND591237AAB,IND416404AAA,232.3779,1,
IND591302AAB,IND580028AAA,102.68639999999999,2,3.3608785309796554
IND591304AAA,IND416404AAA,140.2683,1,
IND591304AAA,IND586101AAA,77.5497,1,
IND600004AAA,IND600008AAC,12.831,3,5.224236132680068
IND600008AAA,IND600044AAC,44.216899999999995,14,2.465735331242235
IND600008AAC,IND600004AAA,13.2347,1,
IND600008AAC,IND600013AAA,12.08535,2,0.5569880115406441
IND600016AAA,IND600016AAC,44.582,5,3.801452037708747
IND600016AAA,IND600119AAA,25.1866,3,7.389615789065087
IND600016AAB,IND600044AAC,38.49875,22,5.417569925881731
IND600016AAC,IND600119AAA,28.4463,7,6.937323563607976
IND600032AAB,IND600008AAC,10.0476,1,
IND600032AAB,IND600044AAD,10.0288,13,1.7007913390838292
IND600032AAB,IND600056AAB,38.218,61,4.997541607575478
IND600032AAB,IND600076AAB,16.74485,26,1.2920147493799692
IND600044AAD,IND600032AAB,10.69375,4,0.7993968580540377
IND600044AAD,IND600048AAA,14.162399999999998,13,6.484649171826235
IND600044AAD,IND600056AAB,40.936400000000006,14,3.896448133962437
IND600044AAD,IND603203AAA,18.8197,1,
IND600044AAE,IND600056AAB,40.2948,29,4.025795275002385
IND600048AAA,IND600044AAD,13.0409,1,
IND600056AAA,IND602105AAB,15.971250000000001,6,0.8546754458077436
IND600056AAB,IND000000ACB,2519.0808,2,35.40808922520384
IND600056AAB,IND421302AAG,1335.2082,13,22.163853860639186
IND600056AAB,IND462022AAA,1633.276,3,44.526935312347774
IND600056AAB,IND501359AAE,676.9054,15,8.211425156317862
IND600056AAB,IND524003AAA,195.4368,1,
IND600056AAB,IND562132AAA,352.1634,19,12.108709970384975
IND600056AAB,IND600008AAC,43.796,17,2.654734558972505
IND600056AAB,IND600016AAC,37.28205,12,1.8771310141389776
IND600056AAB,IND600032AAB,37.9408,49,3.007495101136299
IND600056AAB,IND600044AAD,39.3315,4,7.7081852276222165
IND600056AAB,IND600044AAE,54.7789,34,6.6271078295325285
IND600056AAB,IND600076AAB,51.6746,15,2.4587518104769766
IND600056AAB,IND600110AAA,51.8767,28,1.5767586561095543
IND600056AAB,IND600116AAB,31.12,19,1.9108879977796907
IND600056AAB,IND605601AAA,153.147,2,0.312682618640671
IND600056AAB,IND636102AAA,296.2802,4,0.4369573739698916
IND600056AAB,IND712311AAA,1798.5714,2,37.459123154713495
IND600073AAA,IND603203AAA,15.6886,1,
IND600076AAB,IND600056AAB,52.1937,1,
IND600083AAA,IND600116AAB,13.6142,2,3.36299985132322
IND600110AAA,IND600056AAB,52.230549999999994,10,2.3584422340227524
IND600110AAA,IND600056AAD,52.7387,1,
IND600116AAB,IND602001AAA,36.6874,5,2.2782103289643802
IND600116AAB,IND602024AAA,19.5117,1,
IND600116AAB,IND602105AAB,28.0647,1,
IND600119AAA,IND600016AAC,14.9018,1,
IND602001AAB,IND613104AAA,180.8155,9,1.9905986951166197
IND602001AAB,IND614018AAA,109.35194999999999,2,0.9846461928022713
IND602024AAA,IND600116AAB,15.4325,1,
IND602024AAA,IND602001AAA,16.6006,1,
IND603001AAA,IND600044AAD,118.0452,1,
IND603102AAA,IND600056AAB,73.4163,1,
IND603203AAA,IND600044AAD,20.6873,11,1.6642193199542807
IND603301AAA,IND600044AAD,82.7296,1,
IND604303AAA,IND600056AAB,124.3659,1,
IND605010AAB,IND608001AAA,68.2069,1,
IND605010AAB,IND611001AAA,129.8372,1,
IND605601AAA,IND600056AAB,170.07930000000002,1,
IND605601AAA,IND636102AAA,143.23149999999998,2,0.7304413049656844
IND606803AAA,IND632006AAA,86.1086,1,
IND607801AAA,IND605601AAA,245.6188,1,
IND609001AAA,IND613104AAA,144.507,1,
IND614602AAA,IND622001AAA,168.65245,14,2.615804640855442
IND614602AAA,IND630002AAA,84.21485000000001,2,0.7875048222074691
IND620020AAA,IND620012AAA,38.0541,1,
IND620020AAA,IND621112AAA,15.64105,24,1.427814450530925
IND621010AAA,IND621802AAA,112.676,1,
IND621211AAA,IND620012AAA,381.6801,1,
IND621211AAA,IND639104AAB,300.24530000000004,14,14.70158946956022
IND621212AAA,IND639104AAB,247.4163,1,
IND621306AAA,IND625008AAA,117.60865000000001,12,3.1486439569281264
IND621802AAA,IND621212AAA,74.66385,2,8.332475598824164
IND623407AAA,IND630561AAA,158.50740000000002,1,
IND623526AAA,IND625008AAA,199.8825,1,
IND623701AAA,IND623704AAA,193.2027,1,
IND623701AAA,IND625008AAA,293.0111,1,
IND624001AAA,IND624101AAA,116.47954999999999,2,2.5933141200016707
IND624001AAA,IND624703AAA,297.2561,1,
IND624001AAA,IND625218AAA,197.248,8,43.57012817960218
IND624601AAA,IND624101AAA,60.2944,3,0.0461363558740073
IND624601AAA,IND625218AAA,142.6388,2,0.11525840533341497
IND625008AAA,IND626117AAA,152.9079,1,
IND625008AAA,IND685514AAA,143.3817,1,
IND625106AAA,IND625008AAA,44.2353,1,
IND625531AAA,IND625008AAA,219.2627,1,
IND625532AAA,IND625008AAA,260.0419,5,3.7445969847234575
IND625532AAA,IND625516AAA,84.0308,1,
IND625532AAA,IND685514AAA,116.1764,1,
IND627005AAA,IND627401AAA,89.7641,1,
IND627005AAA,IND627657AAA,149.6405,1,
IND627005AAA,IND628613AAA,165.84085,2,22.106491432269394
IND627005AAA,IND629001AAA,85.8904,1,
IND627401AAA,IND627005AAA,38.10665,4,0.5955685378974714
IND630561AAA,IND625008AAA,338.2329,5,5.4272608314876445
IND631501AAA,IND600056AAB,71.30924999999999,2,0.12141023432973615
IND632006AAA,IND562132AAA,246.3637,3,8.233123856107113
IND632006AAA,IND600056AAB,106.1598,11,21.13442937750025
IND632006AAA,IND606801AAB,87.86959999999999,1,
IND632402AAA,IND600056AAB,95.0632,2,0.39060578592744793
IND635001AAA,IND641062AAD,93.4741,1,
IND635601AAB,IND635802AAB,94.7227,1,
IND636005AAA,IND636005AAC,15.441,1,
IND636005AAA,IND636016AAA,10.3606,4,3.3499631414638977
IND636016AAA,IND636402AAA,105.35315,16,2.8472776323768207
IND636102AAA,IND600056AAB,309.9457,5,8.053952981735149
IND636352AAA,IND562132AAA,203.5314,5,8.865861960181881
IND636705AAB,IND562132AAA,172.4817,4,1.6386622857277962
IND637211AAA,IND636402AAA,58.5914,1,
IND637301AAA,IND638001AAA,21.71765,8,0.408075978351021
IND637301AAA,IND638052AAA,41.2354,2,1.4241130573097138
IND637408AAA,IND637001AAA,34.4436,10,0.9847278881893096
IND638001AAA,IND638052AAA,18.6761,1,
IND638401AAA,IND641062AAD,130.96755000000002,2,3.17314168057463
IND638501AAB,IND641062AAD,85.73325,2,3.8217000202789273
IND639001AAA,IND625008AAA,142.6438,9,2.075151401705428
IND641001AAA,IND641062AAD,34.98,1,
IND641006AAD,IND641062AAD,26.5996,5,0.5140508311441587
IND641008AAA,IND641062AAD,46.50255,4,3.7517473194721767
IND641011AAA,IND641062AAD,33.9171,7,2.92262896257071
IND641062AAD,IND638452AAA,83.7804,2,4.768586710965834
IND641062AAD,IND641001AAA,43.6315,3,10.006282816477523
IND641062AAD,IND641008AAA,36.4347,2,0.6792467740077972
IND641062AAD,IND641607AAA,38.22335,12,5.149795734872316
IND641062AAD,IND642126AAA,90.0906,1,
IND641062AAD,IND643001AAA,164.4769,9,14.78645950972638
IND641062AAD,IND643212AAA,143.37435,4,9.362271141261612
IND641062AAD,IND643217AAA,94.8184,1,
IND641607AAA,IND641062AAD,38.1914,13,3.6626913460473642
IND641664AAA,IND641607AAA,97.3571,2,0.6355475749304649
IND670645AAB,IND673592AAA,35.517900000000004,1,
IND671315AAA,IND575004AAB,80.5502,1,
IND673027AAB,IND670643AAA,101.2312,2,0.8052532024152427
IND673027AAB,IND673506AAA,82.8721,1,
IND673104AAA,IND670643AAA,37.7384,1,
IND673104AAA,IND673632AAA,128.58440000000002,1,
IND673305AAA,IND670643AAA,58.6459,8,1.3521906181663674
IND673506AAA,IND670643AAA,21.6196,1,
IND673573AAA,IND562132AAA,328.5588,10,2.220451303701818
IND673573AAA,IND673592AAA,60.66915,2,1.0762872316440402
IND673592AAA,IND562132AAA,269.36055,2,1.8928541425582814
IND673592AAA,IND670645AAB,47.21554999999999,4,2.528321831439449
IND673592AAA,IND673121AAA,18.6012,3,2.613581307325256
IND673632AAA,IND673104AAA,60.3226,1,
IND673632AAA,IND676306AAA,22.7937,2,3.083126987329584
IND673632AAA,IND676509AAA,33.6894,1,
IND673632AAA,IND678583AAA,74.0831,1,
IND673632AAA,IND683511AAA,166.876,1,
IND676306AAA,IND673639AAA,66.4274,2,36.98423024046871
IND676306AAA,IND676509AAA,20.667,1,
IND676306AAA,IND679322AAA,40.5126,2,1.5054303371461633
IND679303AAA,IND680587AAA,35.7075,1,
IND679303AAA,IND683511AAA,140.17355,2,0.3396233870038986
IND679329AAA,IND673639AAA,22.224899999999998,2,0.3290874959642197
IND680012AAA,IND683511AAA,199.8236,1,
IND68004AAA,IND562132AAA,505.8976,1,
IND680104AAA,IND679576AAA,30.7246,1,
IND680307AAA,IND683511AAA,19.91,1,
IND680712AAA,IND683511AAA,42.822,2,0.9510586206959056
IND683511AAA,IND000000ABA,28.327199999999998,2,2.7114716631379325
IND683511AAA,IND000000ABD,119.8068,1,
IND683511AAA,IND000000ADM,22.5881,5,1.8844222316137118
IND683511AAA,IND562132AAA,560.3747,21,10.314092030686773
IND683511AAA,IND673027AAB,151.7658,1,
IND683511AAA,IND678683AAA,85.7344,1,
IND683511AAA,IND679576AAA,110.02925,10,2.8416222839349268
IND683511AAA,IND683565AAA,40.9029,1,
IND683572AAA,IND680307AAA,11.77965,2,2.3205123238198935
IND683572AAA,IND683511AAA,69.3934,11,19.981287289174976
IND685514AAA,IND625008AAA,144.38125,2,0.11165216074934435
IND686028AAB,IND688009AAA,54.7867,1,
IND686028AAB,IND689650AAA,43.8947,1,
IND686028AAB,IND690548AAA,68.62815,2,23.23050837164353
IND686507AAA,IND686028AAB,71.4529,1,
IND686507AAA,IND686513AAA,12.9531,8,0.502651500260654
IND686507AAA,IND686540AAA,52.859300000000005,6,1.2445725313000708
IND686513AAA,IND686540AAA,40.3322,2,0.6127787365762659
IND686540AAA,IND686028AAB,20.2749,1,
IND689101AAA,IND686028AAB,115.5796,2,20.355482910017134
IND690548AAA,IND686028AAB,78.79335,2,0.9089857672153162
IND691001AAB,IND683511AAA,240.27880000000002,2,107.89954506159886
IND691001AAB,IND691551AAA,104.70425,2,1.94305872402251
IND691506AAA,IND691001AAB,62.9143,1,
IND695012AAA,IND683511AAA,227.4855,8,1.2526467955037082
IND695012AAA,IND691001AAB,63.7458,3,1.0196202544738548
IND695012AAA,IND695614AAA,64.1792,1,
IND695012AAB,IND695012AAA,13.8356,3,1.8412896359164497
IND695541AAA,IND000000AFJ,43.6121,1,
IND695582AAA,IND695012AAA,106.17865,4,24.771384577438006
IND695582AAA,IND695609AAA,73.765,1,
IND695582AAA,IND695614AAA,55.6143,15,2.2026222253097663
IND700026AAC,IND700065AAA,14.16295,2,0.7824136533829151
IND700026AAC,IND712311AAA,40.750299999999996,4,7.011457647962131
IND700028AAB,IND712311AAA,22.7545,11,1.8617816338120863
IND700053AAA,IND700136AAB,30.5188,1,
IND700053AAA,IND700144AAA,29.3944,1,
IND700053AAA,IND712311AAA,29.3951,6,0.8256633858096571
IND700053AAA,IND743347AAA,78.14205000000001,2,0.14941166286471846
IND700053AAA,IND743513AAA,33.5256,1,
IND700065AAA,IND700026AAC,12.3452,2,0.5314614567398089
IND700065AAA,IND712311AAA,27.86375,24,3.6375278382893113
IND700065AAB,IND712310AAA,22.2548,15,2.5099955602882376
IND700088AAA,IND712311AAA,29.6182,9,1.7976902424438366
IND700136AAB,IND712311AAA,31.7085,1,
IND700136AAG,IND712310AAA,23.5903,23,1.4473586779401628
IND712124AAA,IND712310AAE,45.5979,1,
IND712310AAE,IND711409AAA,19.579,1,
IND712310AAE,IND712103AAA,31.22565,4,0.8964208554021948
IND712310AAE,IND712124AAA,19.7672,2,0.9872624878926579
IND712310AAE,IND721134AAB,99.2655,1,
IND712310AAE,IND721139AAC,121.39695,6,24.960131945457874
IND712311AAA,IND000000ACB,1908.2145,26,133.42897578103037
IND712311AAA,IND501359AAE,1599.0019,9,34.93189285346719
IND712311AAA,IND530012AAA,1011.7933,1,
IND712311AAA,IND562132AAA,2072.39,13,45.661901511717495
IND712311AAA,IND700026AAC,33.6686,29,2.2181816309328424
IND712311AAA,IND700028AAB,18.9277,23,1.4210422364124096
IND712311AAA,IND700053AAA,29.5051,15,3.481639844178519
IND712311AAA,IND700065AAA,21.2211,29,0.47162673314679626
IND712311AAA,IND700088AAA,30.5781,30,5.227607491531593
IND712311AAA,IND712310AAE,12.8884,1,
IND712311AAA,IND712406AAA,84.2515,3,2.9946202202171373
IND712311AAA,IND712410AAC,43.9392,1,
IND712311AAA,IND712602AAA,116.5415,1,
IND712311AAA,IND713205AAB,148.42770000000002,2,0.2869439318055005
IND712311AAA,IND713303AAA,188.9452,1,
IND712311AAA,IND721306AAA,160.8311,2,13.474343979578384
IND712311AAA,IND722154AAA,107.4584,2,51.517678756908296
IND712311AAA,IND732103AAA,383.6029,1,
IND712311AAA,IND732103AAB,308.122,1,
IND712311AAA,IND741201AAC,173.5636,1,
IND712311AAA,IND743235AAA,79.5522,2,0.17281689732198136
IND712311AAA,IND751002AAB,541.3177000000001,4,37.72932314500225
IND712311AAA,IND781018AAB,1033.5122500000002,8,174.22019139167318
IND712311AAA,IND834002AAB,589.16765,6,95.2196129775671
IND712406AAA,IND712602AAA,30.8105,1,
IND712602AAA,IND722154AAA,27.0831,1,
IND712612AAA,IND722154AAA,19.4711,1,
IND713128AAB,IND713205AAB,120.5079,1,
IND713128AAB,IND731204AAB,25.5412,1,
IND713130AAA,IND742101AAC,186.2947,3,0.8847430888870076
IND713148AAA,IND713205AAB,161.0163,15,18.076343160032074
IND713205AAB,IND712311AAA,148.6429,7,49.18815848232562
IND713205AAB,IND722101AAC,49.9263,2,5.344171630851689
IND713205AAB,IND722122AAA,80.4068,5,3.009229737490977
IND713205AAB,IND723101AAA,139.6678,1,
IND713205AAB,IND723133AAA,84.5661,1,
IND713303AAA,IND712311AAA,230.7709,1,
IND713364AAB,IND712311AAA,209.5471,1,
IND721102AAA,IND712311AAA,125.5526,1,
IND721139AAC,IND721602AAB,131.29,1,
IND721253AAC,IND721306AAA,53.3936,1,
IND721306AAA,IND721507AAA,50.3297,3,0.9640054840784569
IND721602AAB,IND721139AAC,71.2305,1,
IND721636AAB,IND721139AAC,121.4337,1,
IND721636AAB,IND721602AAB,27.116,1,
IND722101AAA,IND713205AAB,115.3563,2,4.83505474839737
IND722101AAA,IND722122AAA,33.5334,1,
IND722101AAB,IND713205AAB,50.6013,1,
IND722122AAA,IND713205AAB,86.975,1,
IND722143AAB,IND713205AAB,330.4603,1,
IND723130AAA,IND722140AAA,69.06184999999999,2,0.07474118677142225
IND723131AAA,IND722151AAA,79.80170000000001,2,0.34506810921904996
IND723131AAA,IND723130AAA,168.797,5,26.947090651367176
IND723133AAA,IND713205AAB,283.05850000000004,3,6.669170219000265
IND732103AAA,IND732138AAA,39.8043,1,
IND732103AAA,IND733102AAA,114.909,1,
IND732103AAB,IND732123AAC,117.2998,3,114.33583316206399
IND732103AAB,IND732139AAA,114.10740000000001,2,14.89972982909421
IND732103AAB,IND732202AAA,22.3417,1,
IND732103AAB,IND732204AAB,44.4242,2,0.9012783033003756
IND732103AAB,IND733129AAA,84.8173,1,
IND732103AAB,IND733129AAB,112.3085,3,15.607930110790909
IND732103AAB,IND733134AAA,88.5994,1,
IND732138AAA,IND732103AAA,162.768,1,
IND732138AAA,IND733102AAA,68.17555,2,11.971247094810133
IND732138AAA,IND733124AAA,40.094750000000005,2,1.311046682997977
IND732138AAA,IND733140AAA,44.6893,1,
IND732202AAA,IND732139AAA,79.9777,3,10.385977645043015
IND732202AAA,IND732204AAB,20.4319,1,
IND733102AAA,IND732103AAB,119.1071,1,
IND733128AAA,IND732103AAB,128.7309,1,
IND733128AAA,IND733129AAA,65.78875,2,17.83655642339631
IND733129AAA,IND732103AAB,68.5416,2,0.0667508801440153
IND733129AAB,IND733129AAA,24.9562,1,
IND733140AAA,IND733102AAA,25.0,7,3.3430613894054253
IND733201AAA,IND733202AAB,69.2542,1,
IND733202AAB,IND733210AAA,30.623,1,
IND733202AAC,IND733210AAA,25.6387,1,
IND734214AAB,IND734203AAA,68.3061,3,1.8407781624447097
IND735224AAA,IND736101AAA,133.4485,5,25.712988807371264
IND735224AAA,IND736135AAA,112.975,1,
IND735224AAA,IND736146AAA,60.1328,1,
IND735224AAA,IND736165AAA,159.1061,1,
IND736135AAA,IND736165AAA,38.8722,3,0.5691247695658043
IND736146AAA,IND736101AAA,84.2895,1,
IND736146AAA,IND736165AAA,92.6652,1,
IND741156AAA,IND742101AAC,44.1911,1,
IND741201AAC,IND712311AAA,80.3751,2,0.1803122292025664
IND742101AAC,IND741165AAB,91.9763,1,
IND742101AAC,IND742137AAA,112.916,1,
IND742101AAC,IND742147AAA,99.1688,1,
IND742102AAB,IND712311AAA,242.8321,1,
IND742102AAB,IND741165AAB,90.9405,1,
IND742102AAB,IND742147AAA,100.1145,1,
IND742121AAA,IND742101AAC,25.669200000000004,1,
IND742148AAA,IND742102AAB,83.8951,2,43.36346477762126
IND742149AAA,IND742101AAC,143.78875,4,4.163753629439021
IND742149AAA,IND742102AAB,145.7457,9,4.761842718539848
IND742149AAA,IND742225AAA,50.7314,1,
IND742149AAA,IND742226AAA,106.7948,1,
IND742223AAA,IND742101AAC,80.3074,1,
IND742225AAA,IND742102AAB,93.486,1,
IND742226AAA,IND742101AAC,32.981,1,
IND742226AAA,IND742102AAB,32.6971,1,
IND742401AAA,IND742102AAB,111.81015,2,19.609414545187228
IND743235AAA,IND712311AAA,116.80765,2,1.024668436617422
IND743235AAA,IND743270AAA,18.393,1,
IND743513AAA,IND700053AAA,139.79149999999998,5,3.5211095414655857
IND743513AAA,IND743347AAA,50.4007,4,3.128881783614291
IND751002AAB,IND712311AAA,316.13025000000005,6,11.348337284862476
IND751002AAB,IND754022AAA,255.47915,2,47.20171109657995
IND751002AAB,IND754103AAA,58.5261,6,0.48703520372419035
IND751002AAB,IND754211AAA,151.8997,1,
IND751002AAB,IND756032AAA,239.3571,1,
IND751002AAB,IND756100AAC,122.7272,5,1.913993453489327
IND751002AAB,IND760003AAB,185.7064,7,10.585057575410818
IND751002AAB,IND761020AAA,236.8402,1,
IND751014AAA,IND751002AAB,10.7171,5,0.33420087223105815
IND751015AAA,IND751002AAB,10.31765,6,23.84462468863091
IND751015AAA,IND752050AAA,30.084,2,21.19764708641032
IND751015AAA,IND752055AAA,26.8372,1,
IND751015AAA,IND752056AAA,25.30035,4,3.1453396154734508
IND751021AAA,IND751002AAB,14.1166,1,
IND752050AAA,IND751002AAB,36.9694,1,
IND752055AAA,IND751002AAB,45.8339,1,
IND754160AAA,IND754211AAA,69.3445,1,
IND754211AAA,IND751002AAB,74.78569999999999,1,
IND756019AAA,IND712311AAA,239.19,1,
IND756019AAA,IND757001AAA,52.9278,5,29.816841277959007
IND756019AAA,IND757025AAA,27.0047,1,
IND756019AAA,IND757041AAA,101.332,1,
IND756032AAA,IND712311AAA,188.6976,3,0.487052841075777
IND756100AAC,IND758001AAA,275.75935,2,92.0055523874782
IND756100AAC,IND758034AAA,247.17360000000002,4,30.151736016618244
IND757001AAA,IND757041AAA,44.3717,1,
IND757037AAA,IND756100AAC,213.5257,1,
IND757041AAA,IND756019AAA,56.31925,2,16.885780645412872
IND764001AAC,IND764071AAB,57.7391,1,
IND764001AAC,IND764073AAA,97.52885,2,8.983579522940733
IND764020AAC,IND764059AAA,60.892,1,
IND764071AAB,IND530012AAA,293.3271,1,
IND767001AAA,IND767017AAA,49.1983,1,
IND768004AAD,IND768028AAA,51.7515,1,
IND768004AAD,IND768028AAB,491.6999,1,
IND768028AAB,IND768004AAD,402.5844,1,
IND768201AAA,IND770017AAB,97.5959,1,
IND768216AAA,IND770001AAA,40.3535,1,
IND768216AAA,IND770017AAB,107.55035000000001,4,4.0617048181767235
IND770001AAA,IND770017AAB,65.2249,1,
IND781001AAA,IND781018AAB,28.4301,6,2.739759944715352
IND781003AAA,IND781018AAB,28.2132,3,0.08566284686685052
IND781005AAA,IND781018AAB,35.51365,10,4.751100940764501
IND781014AAA,IND781018AAB,64.3341,7,4.571241598974013
IND781014AAA,IND781102AAA,22.7424,2,0.23532513677888223
IND781014AAA,IND781124AAA,32.947900000000004,3,0.5321679465482028
IND781018AAA,IND781018AAB,34.0619,2,0.9502100925584838
IND781018AAB,IND110037AAM,2313.7947,17,76.58475459688488
IND781018AAB,IND421302AAG,3456.0357,5,148.9393953609083
IND781018AAB,IND712311AAA,1005.455,1,
IND781018AAB,IND781003AAA,45.7128,3,16.880207158780166
IND781018AAB,IND781005AAA,45.10875,6,1.1671617191574881
IND781018AAB,IND781022AAA,43.47,3,2.9806455011177246
IND781018AAB,IND781102AAA,49.1018,1,
IND781018AAB,IND783129AAA,366.6367,1,
IND781018AAB,IND783348AAA,284.8988,1,
IND781018AAB,IND784125AAA,80.4141,1,
IND781018AAB,IND784176AAA,381.5188,3,296.96798062512283
IND781018AAB,IND785675AAA,554.1836,1,
IND781018AAB,IND786001AAB,519.5121,4,61.92486024129025
IND781018AAB,IND788026AAC,341.154,12,0.5385018373115059
IND781018AAB,IND791102AAA,464.68145000000004,2,69.3485783260551
IND781018AAB,IND793001AAA,126.655,7,2.4149918486503488
IND781018AAB,IND793150AAA,193.0665,1,
IND781022AAA,IND781018AAB,34.9178,6,0.7408634892250167
IND781124AAA,IND781018AAB,31.1636,1,
IND781335AAA,IND781018AAB,629.716,1,
IND781335AAA,IND783129AAA,304.74080000000004,1,
IND784001AAA,IND787059AAB,309.6672,1,
IND784001AAA,IND790114AAA,57.1152,1,
IND784176AAA,IND781018AAB,245.5695,1,
IND785001AAA,IND781018AAB,294.2082,1,
IND785001AAA,IND785112AAC,25.8398,1,
IND785001AAA,IND785612AAB,371.2068,1,
IND785001AAA,IND786001AAB,151.0922,3,2.565448647572832
IND785001AAA,IND798601AAA,103.5959,1,
IND785112AAC,IND785001AAA,28.3002,2,1.8478114405966855
IND785621AAA,IND785675AAA,240.5971,1,
IND785634AAA,IND785001AAA,20.6044,1,
IND785682AAA,IND785690AAB,53.92775,2,11.5776714604017
IND785690AAB,IND785682AAA,56.36750000000001,16,5.944239494614373
IND786001AAB,IND786171AAA,123.3811,1,
IND786001AAB,IND786184AAA,19.6851,1,
IND786001AAB,IND786602AAA,36.4027,5,0.6079702352911686
IND786001AAB,IND792001AAA,245.2504,8,36.522323403316335
IND786001AAB,IND792103AAB,113.9982,1,
IND786125AAA,IND792103AAB,71.553,1,
IND786125AAA,IND792110AAA,292.1237,1,
IND786181AAC,IND786001AAB,127.81710000000001,2,6.55360706939316
IND786181AAC,IND792120AAB,47.294650000000004,6,2.352111645876247
IND786181AAC,IND792121AAB,42.1958,1,
IND786190AAA,IND792001AAA,197.7934,1,
IND787001AAA,IND781018AAB,446.7221,1,
IND787001AAA,IND784176AAA,153.14860000000002,1,
IND787001AAA,IND791102AAA,210.7523,1,
IND788026AAC,IND781018AAB,338.00210000000004,18,6.483145591454804
IND788026AAC,IND788713AAA,73.31530000000001,1,
IND788026AAC,IND788806AAA,96.7636,3,4.346807832191344
IND788026AAC,IND796081AAA,99.9566,1,
IND788026AAC,IND799008AAA,286.1072,1,
IND788121AAA,IND796081AAA,73.9359,1,
IND788151AAA,IND788713AAA,44.71,1,
IND788713AAA,IND788026AAC,43.1656,1,
IND792001AAA,IND786001AAB,223.0307,1,
IND792121AAB,IND786181AAC,43.4735,1,
IND792130AAB,IND786001AAB,106.49125000000001,2,1.903602165632297
IND796009AAA,IND796321AAB,186.1554,1,
IND798601AAA,IND785001AAA,134.2265,5,102.0304556935428
IND801103AAA,IND802301AAA,23.6753,2,1.1206228268244403
IND801103AAA,IND804401AAA,120.9072,9,15.664708272694106
IND802101AAA,IND802119AAA,17.5609,1,
IND802101AAA,IND802158AAB,80.9985,2,0.03860803025278093
IND802101AAA,IND821115AAB,162.6594,6,6.78800165488094
IND802119AAA,IND802158AAB,64.1406,1,
IND802119AAA,IND821115AAB,138.52915000000002,2,16.693447600930146
IND802301AAA,IND804401AAA,102.9956,1,
IND803101AAA,IND803108AAB,97.9243,1,
IND803116AAA,IND803108AAB,40.2921,1,
IND803213AAA,IND803212AAB,92.94325,4,32.48366040369373
IND803213AAA,IND811105AAA,56.4465,1,
IND804420AAA,IND803108AAB,154.907,5,2.923995574894058
IND804452AAA,IND803108AAB,140.50315,6,31.765386004103053
IND811201AAB,IND813213AAA,72.46775,2,1.6947228224698054
IND811307AAA,IND813213AAA,152.84325,2,0.6432550388454029
IND811399AAA,IND110044AAB,14.4427,40,2.113357975283012
IND812002AAA,IND813203AAA,32.7981,1,
IND813102AAA,IND813203AAA,76.8697,18,10.162229409522524
IND814112AAA,IND814133AAA,79.16290000000001,1,
IND814112AAA,IND826004AAA,542.72255,2,4.405911642895273
IND815301AAA,IND816109AAA,294.5254,1,
IND815301AAA,IND826004AAA,563.1656499999999,2,46.87813903350904
IND815351AAA,IND816107AAA,171.415,4,0.3760094679659072
IND815351AAA,IND826004AAA,426.41380000000004,4,14.318516206035426
IND815353AAA,IND816109AAA,264.8628,1,
IND815353AAA,IND826004AAA,549.7826,3,267.0835220100509
IND816107AAA,IND826004AAA,251.1877,1,
IND821109AAA,IND802213AAB,44.3311,2,0.3483208004124904
IND821109AAA,IND821115AAB,109.8006,3,9.426042894201863
IND821115AAB,IND000000ACB,1148.6506,14,78.60917243331751
IND821115AAB,IND802158AAB,190.8502,3,2.5914206702116007
IND821115AAB,IND802213AAB,106.59185,2,12.28322260666964
IND821115AAB,IND821307AAA,72.0277,1,
IND821307AAA,IND821115AAB,67.6337,6,6.577707270293098
IND821307AAA,IND824101AAA,29.463,2,0.3955555333957523
IND824101AAA,IND821115AAB,38.2348,1,
IND824101AAA,IND821307AAA,32.0648,3,2.7399775053821176
IND825301AAA,IND000000ACB,1302.7628,1,
IND826001AAC,IND826004AAA,21.5221,1,
IND826001AAC,IND828111AAA,10.8103,1,
IND826004AAA,IND814101AAB,152.9934,1,
IND826004AAA,IND814112AAA,152.6724,1,
IND826004AAA,IND814133AAB,207.5152,5,14.730731593271267
IND826004AAA,IND815351AAA,78.5428,5,12.832137490963854
IND826004AAA,IND816107AAA,246.67530000000002,2,52.64466554476343
IND826004AAA,IND816109AAA,368.5448,3,15.83780579625848
IND826004AAA,IND828205AAA,28.4319,1,
IND826004AAA,IND828401AAB,85.12275,2,0.05579072503562172
IND827013AAA,IND834002AAB,127.1506,2,9.79243896994003
IND828111AAA,IND826004AAA,13.907049999999998,6,3.196086446525918
IND828401AAB,IND826004AAA,29.56185,6,1.6912581688395987
IND832109AAB,IND834002AAB,120.2328,22,0.995579063515281
IND834002AAB,IND000000ACB,1476.5277999999998,16,62.10523993229422
IND834002AAB,IND825301AAA,98.4147,1,
IND834002AAB,IND826004AAA,153.855,21,2.1447828798316753
IND834002AAB,IND827013AAA,138.38774999999998,10,2.028479658814009
IND834002AAB,IND829121AAA,176.2403,1,
IND834002AAB,IND832109AAB,119.89905,14,3.4797657231991406
IND841101AAA,IND841207AAB,22.268,3,2.0254542461712965
IND841424AAA,IND841226AAB,63.357299999999995,2,0.5938282748404679
IND841424AAA,IND841428AAA,97.2599,7,1.6471647679747006
IND842001AAA,IND843109AAB,15.00555,4,2.5504580640870516
IND842001AAA,IND843126AAA,94.4433,1,
IND842001AAA,IND843320AAA,157.3555,3,26.601409558329788
IND842001AAA,IND844505AAB,78.2443,3,0.9930094930731223
IND842001AAA,IND845305AAA,205.6892,2,50.55544784906963
IND842001AAA,IND845418AAB,278.7575,1,
IND842001AAA,IND845438AAA,132.0162,1,
IND842001AAA,IND847103AAA,94.3168,2,1.7532005532739248
IND842001AAA,IND847212AAA,96.3903,1,
IND842001AAA,IND847223AAA,182.103,3,27.026449896413204
IND842001AAA,IND847404AAB,120.403,2,7.12494934859189
IND842001AAA,IND848101AAA,52.581649999999996,4,0.803293140246241
IND842001AAA,IND851127AAA,121.98249999999999,2,0.987121066536426
IND842003AAB,IND462022AAA,266.06100000000004,1,
IND842003AAB,IND464668AAA,248.2473,5,7.208248021051992
IND842003AAB,IND480001AAA,233.05835000000002,2,0.3751201474194458
IND842003AAB,IND480661AAA,308.1189,3,87.79528854763981
IND842003AAB,IND482002AAA,10.5521,3,0.9917038418802262
IND842003AAB,IND483501AAA,80.2841,11,0.3897822968133503
IND842003AAB,IND483770AAA,132.67435,2,0.6276986896592949
IND842003AAB,IND484224AAA,258.2989,1,
IND842003AAB,IND484446AAA,260.1466,1,
IND842003AAB,IND487551AAA,154.1794,1,
IND843329AAB,IND842001AAA,143.1427,1,
IND844101AAB,IND841207AAB,23.8946,1,
IND845401AAA,IND842001AAA,227.5583,3,28.66663743837658
IND845418AAB,IND842001AAA,281.4099,1,
IND845438AAA,IND842001AAA,207.414,2,1.9965867073583348
IND845455AAB,IND842001AAA,169.8487,1,
IND848114AAA,IND842001AAA,163.4155,1,
IND851127AAA,IND851112AAB,32.1446,4,0.41808950696391967
IND852113AAA,IND854326AAB,142.4922,1,
IND852139AAB,IND854326AAB,106.4102,1,
IND852201AAA,IND854326AAB,164.5029,3,0.7505843479139019
IND853204AAA,IND851204AAA,65.27315,4,0.4568330065060222
IND854326AAB,IND000000ACB,1710.92825,2,3.227023217300914
IND854326AAB,IND851204AAA,165.4024,11,21.652560286064002
IND854326AAB,IND852118A1B,90.9981,1,
IND854326AAB,IND853204AAA,104.1532,1,
IND854326AAB,IND854105AAB,29.5127,1,
